[00:01:05] [Server thread/WARN]: Can't keep up! Is the server overloaded? Running 2008ms or 40 ticks behind
[00:01:28] [Server thread/WARN]: Can't keep up! Is the server overloaded? Running 2039ms or 40 ticks behind
[00:01:31] [Server thread/INFO]: BrownNiggar[/127.139.218.78:49899] logged in with entity id 69651 at (743.0951532358481, 64.0, 566.3992729431469)
[00:01:31] [Server thread/INFO]: BrownNiggar joined the game
[00:01:45] [Server thread/WARN]: Can't keep up! Is the server overloaded? Running 2822ms or 56 ticks behind
[00:02:01] [Server thread/INFO]: BrownNiggar lost connection: Disconnected
[00:02:01] [Server thread/INFO]: BrownNiggar left the game
[00:02:03] [Server thread/WARN]: Can't keep up! Is the server overloaded? Running 2261ms or 45 ticks behind
[00:02:15] [Server thread/INFO]: BrownNiggar[/127.52.238.219:38443] logged in with entity id 70184 at (741.4354201886919, 65.0, 569.8240620635837)
[00:02:15] [Server thread/INFO]: BrownNiggar joined the game
[00:02:20] [Server thread/WARN]: Can't keep up! Is the server overloaded? Running 2764ms or 55 ticks behind
[00:02:32] [Server thread/INFO]: [Not Secure] <Chubs410> 5 stacks in double chest
[00:02:38] [Server thread/WARN]: Can't keep up! Is the server overloaded? Running 2947ms or 58 ticks behind
[00:02:57] [Server thread/WARN]: Can't keep up! Is the server overloaded? Running 4059ms or 81 ticks behind
[00:03:15] [Server thread/WARN]: Can't keep up! Is the server overloaded? Running 2811ms or 56 ticks behind
[00:03:34] [Server thread/WARN]: Can't keep up! Is the server overloaded? Running 4208ms or 84 ticks behind
[00:03:52] [Server thread/WARN]: Can't keep up! Is the server overloaded? Running 2952ms or 59 ticks behind
[00:04:39] [Server thread/WARN]: Can't keep up! Is the server overloaded? Running 2031ms or 40 ticks behind
[00:04:56] [Server thread/WARN]: Can't keep up! Is the server overloaded? Running 2444ms or 48 ticks behind
[00:05:03] [Server thread/INFO]: [Not Secure] <Chubs410> oak?
[00:05:17] [Server thread/WARN]: Can't keep up! Is the server overloaded? Running 2018ms or 40 ticks behind
[00:05:37] [Server thread/WARN]: Can't keep up! Is the server overloaded? Running 2024ms or 40 ticks behind
[00:05:55] [Server thread/WARN]: Can't keep up! Is the server overloaded? Running 3610ms or 72 ticks behind
[00:06:16] [Server thread/WARN]: Can't keep up! Is the server overloaded? Running 2001ms or 40 ticks behind
[00:06:30] [Server thread/INFO]: [Not Secure] <Rad1108> yeah that what normally bengalis say
[00:06:34] [Server thread/INFO]: [Not Secure] <Rad1108> its just a doll
[00:06:34] [Server thread/WARN]: Can't keep up! Is the server overloaded? Running 2001ms or 40 ticks behind
[00:06:39] [Server thread/WARN]: whitehairguy moved too quickly! -7.464916476867984,1.113444965997175,7.442291841408405
[00:06:42] [Server thread/WARN]: whitehairguy moved too quickly! 6.249766600393741,-0.7943373054929452,-7.943844556349177
[00:06:55] [Server thread/WARN]: Can't keep up! Is the server overloaded? Running 2010ms or 40 ticks behind
[00:07:02] [Server thread/INFO]: [Not Secure] <Rad1108> me
[00:07:10] [Server thread/INFO]: [Not Secure] <Rad1108> boots
[00:07:22] [Server thread/WARN]: Can't keep up! Is the server overloaded? Running 2005ms or 40 ticks behind
[00:07:26] [Server thread/INFO]: [Not Secure] <Rad1108> nah soul speed lagana hai
[00:07:37] [Server thread/INFO]: [Not Secure] <Rad1108> diff boots
[00:07:39] [Server thread/WARN]: Can't keep up! Is the server overloaded? Running 2123ms or 42 ticks behind
[00:07:40] [Server thread/INFO]: [Not Secure] <Chubs410> ?
[00:07:43] [Server thread/INFO]: [Not Secure] <Chubs410> reel?
[00:07:47] [Server thread/INFO]: [Not Secure] <Ojas_Kumar> RAIL
[00:07:53] [Server thread/INFO]: [Not Secure] <Chubs410> pls repeat
[00:07:58] [Server thread/WARN]: Can't keep up! Is the server overloaded? Running 3869ms or 77 ticks behind
[00:08:02] [Server thread/INFO]: [Not Secure] <Rad1108> meeeeeeee
[00:08:06] [Server thread/INFO]: [Not Secure] <Ojas_Kumar> :3
[00:08:14] [Server thread/INFO]: [Not Secure] <Rad1108> tatte
[00:08:19] [Server thread/WARN]: Can't keep up! Is the server overloaded? Running 5665ms or 113 ticks behind
[00:08:21] [Server thread/INFO]: [Not Secure] <Chubs410> kiske liye
[00:08:27] [Server thread/INFO]: [Not Secure] <Rad1108> :3
[00:08:31] [Server thread/INFO]: [Not Secure] <Chubs410> banade
[00:08:37] [Server thread/INFO]: [Not Secure] <Rad1108> tatte?
[00:08:39] [Server thread/INFO]: [Not Secure] <Rad1108> sad
[00:08:40] [Server thread/WARN]: Can't keep up! Is the server overloaded? Running 5908ms or 118 ticks behind
[00:08:57] [Server thread/WARN]: Can't keep up! Is the server overloaded? Running 2551ms or 51 ticks behind
[00:09:08] [Server thread/INFO]: [Not Secure] <Rad1108> yeah aa rha
[00:09:16] [Server thread/WARN]: Can't keep up! Is the server overloaded? Running 3550ms or 71 ticks behind
[00:09:16] [Server thread/INFO]: [Not Secure] <Ojas_Kumar> hu
[00:09:26] [Server thread/INFO]: [Not Secure] <Rad1108> narrator becoming ai
[00:09:33] [Server thread/WARN]: Can't keep up! Is the server overloaded? Running 2005ms or 40 ticks behind
[00:09:50] [Server thread/INFO]: [Not Secure] <Rad1108> potatoes?
[00:09:52] [Server thread/WARN]: Can't keep up! Is the server overloaded? Running 3419ms or 68 ticks behind
[00:10:00] [Server thread/INFO]: [Not Secure] <Chubs410> i have marked down the site for the colloseum
[00:10:08] [Server thread/INFO]: [Not Secure] <Rad1108> yeah?
[00:10:09] [Server thread/WARN]: Can't keep up! Is the server overloaded? Running 2145ms or 42 ticks behind
[00:10:26] [Server thread/WARN]: Can't keep up! Is the server overloaded? Running 2328ms or 46 ticks behind
[00:10:27] [Server thread/INFO]: [Not Secure] <Rad1108> lol
[00:10:46] [Server thread/WARN]: Can't keep up! Is the server overloaded? Running 5221ms or 104 ticks behind
[00:11:07] [Server thread/WARN]: Can't keep up! Is the server overloaded? Running 5848ms or 116 ticks behind
[00:11:24] [Server thread/INFO]: [Not Secure] <Rad1108> bros done with the world
[00:11:26] [Server thread/WARN]: Can't keep up! Is the server overloaded? Running 3786ms or 75 ticks behind
[00:11:48] [Server thread/INFO]: [Not Secure] <Rad1108> narrator changes genders
[00:11:48] [Server thread/WARN]: Can't keep up! Is the server overloaded? Running 7731ms or 154 ticks behind
[00:11:55] [Server thread/INFO]: BrownNiggar lost connection: Disconnected
[00:11:55] [Server thread/INFO]: BrownNiggar left the game
[00:12:10] [Server thread/WARN]: Can't keep up! Is the server overloaded? Running 6534ms or 130 ticks behind
[00:12:17] [Server thread/INFO]: [Not Secure] <Rad1108> well that what happens when you try and become a dude
[00:12:29] [Server thread/WARN]: Can't keep up! Is the server overloaded? Running 3908ms or 78 ticks behind
[00:12:49] [Server thread/WARN]: Can't keep up! Is the server overloaded? Running 4667ms or 93 ticks behind
[00:12:54] [Server thread/INFO]: BrownNiggar[/127.43.231.74:60781] logged in with entity id 77832 at (550.0250473367995, 72.0, 615.2550268750094)
[00:12:54] [Server thread/INFO]: BrownNiggar joined the game
[00:13:09] [Server thread/WARN]: Can't keep up! Is the server overloaded? Running 5887ms or 117 ticks behind
[00:13:19] [Server thread/INFO]: [Not Secure] <Chubs410> sex noises?
[00:13:29] [Server thread/WARN]: Can't keep up! Is the server overloaded? Running 4192ms or 83 ticks behind
[00:13:36] [Server thread/INFO]: [Not Secure] <Rad1108> damm narrator is getting hoorny
[00:13:47] [Server thread/WARN]: Can't keep up! Is the server overloaded? Running 3172ms or 63 ticks behind
[00:13:52] [Server thread/INFO]: [Not Secure] <Rad1108> villager sex noises
[00:13:54] [Server thread/INFO]: [Not Secure] <Rad1108> damm
[00:13:58] [Server thread/INFO]: [Not Secure] <Chubs410> our server's
[00:14:04] [Server thread/WARN]: Can't keep up! Is the server overloaded? Running 2243ms or 44 ticks behind
[00:14:05] [Server thread/INFO]: BrownNiggar lost connection: Disconnected
[00:14:05] [Server thread/INFO]: BrownNiggar left the game
[00:14:21] [Server thread/WARN]: Can't keep up! Is the server overloaded? Running 2516ms or 50 ticks behind
[00:14:43] [Server thread/INFO]: [Not Secure] <Rad1108> i got them too for sale
[00:14:45] [Server thread/WARN]: Can't keep up! Is the server overloaded? Running 8602ms or 172 ticks behind
[00:14:51] [Server thread/INFO]: [Not Secure] <Rad1108> saddles
[00:15:00] [Server thread/INFO]: [Not Secure] <Rad1108> 1 emrald
[00:15:07] [Server thread/INFO]: [Not Secure] <Rad1108> saddles
[00:15:09] [Server thread/WARN]: Can't keep up! Is the server overloaded? Running 9237ms or 184 ticks behind
[00:15:17] [Server thread/INFO]: [Not Secure] <Rad1108> feet pics
[00:15:34] [Server thread/WARN]: Can't keep up! Is the server overloaded? Running 9697ms or 193 ticks behind
[00:15:41] [Server thread/INFO]: [Not Secure] <Rad1108> me
[00:15:56] [Server thread/INFO]: [Not Secure] <Rad1108> gooood
[00:15:58] [Server thread/INFO]: [Not Secure] <Chubs410> kick them
[00:16:00] [Server thread/WARN]: Can't keep up! Is the server overloaded? Running 11546ms or 230 ticks behind
[00:16:04] [Server thread/INFO]: [Not Secure] <Rad1108> pet them
[00:16:14] [Server thread/INFO]: [Not Secure] <Rad1108> wth
[00:16:24] [Server thread/WARN]: Can't keep up! Is the server overloaded? Running 8951ms or 179 ticks behind
[00:16:32] [Server thread/INFO]: [Not Secure] <Rad1108> gold redstone and sticks
[00:16:50] [Server thread/WARN]: Can't keep up! Is the server overloaded? Running 10327ms or 206 ticks behind
[00:17:14] [Server thread/WARN]: Can't keep up! Is the server overloaded? Running 9307ms or 186 ticks behind
[00:17:41] [Server thread/WARN]: Can't keep up! Is the server overloaded? Running 12173ms or 243 ticks behind
[00:18:07] [Server thread/WARN]: Can't keep up! Is the server overloaded? Running 10893ms or 217 ticks behind
[00:18:22] [Server thread/INFO]: MiffMoff has made the advancement [Surge Protector]
[00:18:32] [Server thread/INFO]: [Not Secure] <Rad1108> wth
[00:18:34] [Server thread/WARN]: Can't keep up! Is the server overloaded? Running 11661ms or 233 ticks behind
[00:18:34] [Server thread/INFO]: [Not Secure] <Rad1108> nahhh
[00:18:41] [Server thread/INFO]: [Not Secure] <Rad1108> bros gonna lightning you
[00:18:58] [Server thread/WARN]: Can't keep up! Is the server overloaded? Running 9907ms or 198 ticks behind
[00:19:00] [Server thread/INFO]: [Not Secure] <Rad1108> betreyal
[00:19:06] [Server thread/INFO]: [Not Secure] <Rad1108> yes
[00:19:11] [Server thread/INFO]: [Not Secure] <Rad1108> betreyal
[00:19:21] [Server thread/WARN]: Can't keep up! Is the server overloaded? Running 7106ms or 142 ticks behind
[00:19:21] [Server thread/INFO]: MiffMoff has made the advancement [A Throwaway Joke]
[00:19:26] [Server thread/INFO]: [Not Secure] <Rad1108> nah bro
[00:19:30] [Server thread/INFO]: [Not Secure] <Rad1108> thats just sad
[00:19:33] [Server thread/INFO]: [Not Secure] <Rad1108> damm
[00:19:48] [Server thread/WARN]: Can't keep up! Is the server overloaded? Running 12203ms or 244 ticks behind
[00:19:56] [Server thread/INFO]: [Not Secure] <Rad1108> toxic
[00:20:11] [Server thread/WARN]: Can't keep up! Is the server overloaded? Running 8712ms or 174 ticks behind
[00:20:17] [Server thread/INFO]: BrownNiggar[/127.43.231.74:48109] logged in with entity id 82216 at (744.3000000119209, 64.0, 569.0664775268999)
[00:20:17] [Server thread/INFO]: BrownNiggar joined the game
[00:20:21] [Server thread/INFO]: [Not Secure] <Rad1108> bros gonna die
[00:20:37] [Server thread/WARN]: Can't keep up! Is the server overloaded? Running 10213ms or 204 ticks behind
[00:20:38] [Server thread/INFO]: [Not Secure] <Rad1108> server lag
[00:20:43] [Server thread/INFO]: [Not Secure] <Rad1108> straight death
[00:21:02] [Server thread/WARN]: Can't keep up! Is the server overloaded? Running 9934ms or 198 ticks behind
[00:21:10] [Server thread/INFO]: BrownNiggar lost connection: Disconnected
[00:21:10] [Server thread/INFO]: BrownNiggar left the game
[00:21:20] [Server thread/INFO]: BrownNiggar[/127.43.231.74:35071] logged in with entity id 82653 at (760.0494417301543, 63.0, 557.9137185477853)
[00:21:20] [Server thread/INFO]: BrownNiggar joined the game
[00:21:28] [Server thread/WARN]: Can't keep up! Is the server overloaded? Running 11994ms or 239 ticks behind
[00:21:43] [Server thread/INFO]: [Not Secure] <Rad1108> aa ra
[00:21:51] [Server thread/WARN]: BrownNiggar moved too quickly! -10.15176293472041,-2.354717719634408,4.105026115821374
[00:21:53] [Server thread/WARN]: Can't keep up! Is the server overloaded? Running 9517ms or 190 ticks behind
[00:21:54] [Server thread/INFO]: [Not Secure] <Rad1108> wth?
[00:22:05] [Server thread/INFO]: [Not Secure] <Chubs410> copper rod
[00:22:08] [Server thread/INFO]: [Not Secure] <Rad1108> bros lesbian with grandaughter sad
[00:22:14] [Server thread/WARN]: Can't keep up! Is the server overloaded? Running 6155ms or 123 ticks behind
[00:22:38] [Server thread/WARN]: Can't keep up! Is the server overloaded? Running 8437ms or 168 ticks behind
[00:22:50] [Server thread/INFO]: [Not Secure] <Rad1108> aa rha wait for 2 miins
[00:23:04] [Server thread/WARN]: Can't keep up! Is the server overloaded? Running 11770ms or 235 ticks behind
[00:23:30] [Server thread/WARN]: Can't keep up! Is the server overloaded? Running 10336ms or 206 ticks behind
[00:23:53] [Server thread/INFO]: BrownNiggar lost connection: Disconnected
[00:23:53] [Server thread/INFO]: BrownNiggar left the game
[00:23:56] [Server thread/WARN]: Can't keep up! Is the server overloaded? Running 11436ms or 228 ticks behind
[00:23:57] [Server thread/INFO]: [Not Secure] <whitehairguy> politely
[00:24:00] [Server thread/WARN]: Mismatch in destroy block pos: class_2338{x=62, y=68, z=164} class_2338{x=62, y=67, z=166}
[00:24:13] [Server thread/INFO]: [Not Secure] <Rad1108> not that free
[00:24:24] [Server thread/WARN]: Can't keep up! Is the server overloaded? Running 13258ms or 265 ticks behind
[00:24:51] [Server thread/WARN]: Can't keep up! Is the server overloaded? Running 11973ms or 239 ticks behind
[00:25:08] [Server thread/INFO]: [Not Secure] <Rad1108> sad
[00:25:12] [Server thread/INFO]: [Not Secure] <Ojas_Kumar> #GIRLUP
[00:25:15] [Server thread/INFO]: [Not Secure] <Rad1108> bro only knows politics
[00:25:18] [Server thread/WARN]: Can't keep up! Is the server overloaded? Running 11863ms or 237 ticks behind
[00:25:43] [Server thread/WARN]: Can't keep up! Is the server overloaded? Running 9974ms or 199 ticks behind
[00:26:05] [Server thread/WARN]: Can't keep up! Is the server overloaded? Running 6876ms or 137 ticks behind
[00:26:25] [Server thread/WARN]: Can't keep up! Is the server overloaded? Running 4801ms or 96 ticks behind
[00:26:44] [Server thread/WARN]: Can't keep up! Is the server overloaded? Running 4687ms or 93 ticks behind
[00:27:02] [Server thread/WARN]: Can't keep up! Is the server overloaded? Running 3126ms or 62 ticks behind
[00:27:26] [Server thread/INFO]: [Not Secure] <Rad1108> moaning in pain apparently
[00:27:33] [Server thread/INFO]: [Not Secure] <Rad1108> you
[00:27:44] [Server thread/INFO]: [Not Secure] <Rad1108> like when you said
[00:27:44] [Server thread/INFO]: [Not Secure] <Chubs410> LMAOOOOO
[00:28:04] [Server thread/INFO]: [Not Secure] <Rad1108> damm i was gonna explain my self but you mom will later
[00:28:12] [Server thread/INFO]: [Not Secure] <Rad1108> yr
[00:28:15] [Server thread/INFO]: [Not Secure] <Ojas_Kumar> you mom
[00:28:22] [Server thread/INFO]: BrownNiggar[/127.43.231.74:45381] logged in with entity id 86770 at (741.8474573117328, 64.0, 566.7305694281088)
[00:28:22] [Server thread/INFO]: BrownNiggar joined the game
[00:28:26] [Server thread/INFO]: [Not Secure] <Rad1108> sad
[00:29:48] [Server thread/INFO]: MiffMoff lost connection: Disconnected
[00:29:48] [Server thread/INFO]: MiffMoff left the game
[00:30:28] [Server thread/INFO]: [Not Secure] <Rad1108> for tnt mining
[00:30:45] [Server thread/INFO]: [Not Secure] <Rad1108> unemployment
[00:31:25] [Server thread/WARN]: Can't keep up! Is the server overloaded? Running 2007ms or 40 ticks behind
[00:31:32] [Server thread/INFO]: [Not Secure] <Rad1108> where the fuck are ally?
[00:31:52] [Server thread/INFO]: [Not Secure] <whitehairguy> idk
[00:31:52] [Server thread/INFO]: [Not Secure] <Rad1108> where the fuck are ally???
[00:31:53] [Server thread/INFO]: [Not Secure] <whitehairguy> really
[00:32:01] [Server thread/INFO]: [Not Secure] <whitehairguy> i know its irritating
[00:32:04] [Server thread/INFO]: [Not Secure] <Rad1108> bro they dont die of drowning
[00:32:08] [Server thread/INFO]: [Not Secure] <Rad1108> do they?
[00:32:10] [Server thread/INFO]: [Not Secure] <whitehairguy> idk
[00:32:16] [Server thread/INFO]: [Not Secure] <whitehairguy> mayvbe yes
[00:32:18] [Server thread/INFO]: [Not Secure] <whitehairguy> check online
[00:32:22] [Server thread/INFO]: [Not Secure] <Rad1108> kahan jana hai?
[00:33:53] [Server thread/INFO]: [Not Secure] <Rad1108> chalen?
[00:34:07] [Server thread/INFO]: MiffMoff[/127.151.163.75:57825] logged in with entity id 88460 at (666.0638762586922, 67.0, 545.8427667608413)
[00:34:07] [Server thread/INFO]: MiffMoff joined the game
[00:34:13] [Server thread/INFO]: [Not Secure] <whitehairguy> yes
[00:34:15] [Server thread/INFO]: [Not Secure] <whitehairguy> give boat
[00:34:56] [Server thread/INFO]: [Not Secure] <Rad1108> wait
[00:35:14] [Server thread/INFO]: [Not Secure] <Rad1108> i havent too
[00:35:46] [Server thread/WARN]: BrownNiggar moved too quickly! -2.8879697987755435,3.9388635751596013,12.090192872151647
[00:35:58] [Server thread/WARN]: whitehairguy moved wrongly!
[00:36:09] [Server thread/INFO]: [Not Secure] <Chubs410> no
[00:36:17] [Server thread/INFO]: [Not Secure] <Rad1108> what?
[00:37:14] [Server thread/INFO]: [Not Secure] <Rad1108> damm
[00:37:49] [Server thread/INFO]: [Not Secure] <Rad1108> i am in ice
[00:38:04] [Server thread/WARN]: whitehairguy moved too quickly! -8.314103301925968,-0.09934915669864353,6.543869400115227
[00:38:40] [Server thread/INFO]: [Not Secure] <Rad1108> cords?
[00:40:16] [Server thread/INFO]: [Not Secure] <whitehairguy> i cant hear the narrator ahh
[00:40:52] [Server thread/WARN]: whitehairguy moved wrongly!
[00:41:04] [Server thread/INFO]: [Not Secure] <Rad1108> bro you said
[00:41:08] [Server thread/INFO]: [Not Secure] <Rad1108> gate pe hun
[00:41:11] [Server thread/INFO]: [Not Secure] <Chubs410> could you get some soul sand
[00:41:12] [Server thread/INFO]: [Not Secure] <Rad1108> doors bana rha
[00:41:17] [Server thread/WARN]: whitehairguy moved wrongly!
[00:41:18] [Server thread/WARN]: whitehairguy moved wrongly!
[00:41:30] [Server thread/INFO]: [Not Secure] <Chubs410> no, nether wart
[00:43:44] [Server thread/INFO]: [Not Secure] <Chubs410> matlab?
[00:44:07] [Server thread/INFO]: [Not Secure] <Chubs410> miffy could take you, unke base pe chale ja
[00:44:17] [Server thread/WARN]: whitehairguy moved wrongly!
[00:44:19] [Server thread/INFO]: [Not Secure] <Chubs410> come
[00:44:43] [Server thread/INFO]: [Not Secure] <Rad1108> guardians
[00:44:47] [Server thread/INFO]: [Not Secure] <Chubs410> ill get lapis and diamonds and enchant
[00:44:49] [Server thread/INFO]: [Not Secure] <Chubs410> 1 sec
[00:44:53] [Server thread/INFO]: [Not Secure] <Rad1108> the big one
[00:45:37] [Server thread/INFO]: [Not Secure] <Rad1108> killed
[00:45:46] [Server thread/INFO]: [Not Secure] <Rad1108> got trim
[00:47:40] [Server thread/WARN]: whitehairguy moved wrongly!
[00:47:50] [Server thread/INFO]: [Not Secure] <Chubs410> wait
[00:48:23] [Server thread/INFO]: [Not Secure] <Rad1108> spongee room
[00:48:34] [Server thread/INFO]: [Not Secure] <Rad1108> dudes
[00:48:35] [Server thread/WARN]: BrownNiggar moved wrongly!
[00:48:37] [Server thread/WARN]: BrownNiggar moved wrongly!
[00:51:11] [Server thread/INFO]: Ojas_Kumar has made the advancement [Eye Spy]
[00:51:55] [Server thread/INFO]: Chubs410 lost connection: Disconnected
[00:51:55] [Server thread/INFO]: Chubs410 left the game
[00:52:00] [Server thread/INFO]: Ojas_Kumar has made the advancement [The End?]
[00:52:23] [Server thread/INFO]: Chubs410[/127.139.218.78:47263] logged in with entity id 100383 at (72.30000001192093, 49.0, 2.800854360772975)
[00:52:23] [Server thread/INFO]: Chubs410 joined the game
[00:53:35] [Server thread/INFO]: [Not Secure] <Rad1108> meri awaz nahi aa rahi?
[00:55:44] [Server thread/INFO]: [Not Secure] <Rad1108> pehle guardians nikalo
[00:57:03] [Server thread/INFO]: Ojas_Kumar has made the advancement [Enchanter]
[00:58:16] [Server thread/INFO]: [Not Secure] <Rad1108> place kardo
[00:58:27] [Server thread/INFO]: [Not Secure] <Rad1108> placeeeee
[00:58:30] [Server thread/INFO]: [Not Secure] <Rad1108> place kardete
[00:58:38] [Server thread/INFO]: [Not Secure] <Rad1108> guess
[01:00:11] [Server thread/WARN]: Mismatch in destroy block pos: class_2338{x=701, y=65, z=-4430} class_2338{x=694, y=64, z=-4409}
[01:00:43] [Server thread/WARN]: Mismatch in destroy block pos: class_2338{x=729, y=56, z=537} class_2338{x=729, y=57, z=537}
[01:00:53] [Server thread/WARN]: Mismatch in destroy block pos: class_2338{x=710, y=67, z=-4434} class_2338{x=709, y=64, z=-4457}
[01:01:05] [Server thread/WARN]: whitehairguy moved too quickly! -2.6614901691931436,0.0,9.685995075874416
[01:01:11] [Server thread/WARN]: whitehairguy moved too quickly! -4.0254839133038445,2.999999999999993,9.201107849524533
[01:01:17] [Server thread/WARN]: Can't keep up! Is the server overloaded? Running 2195ms or 43 ticks behind
[01:01:30] [Server thread/WARN]: whitehairguy moved wrongly!
[01:01:30] [Server thread/WARN]: whitehairguy moved wrongly!
[01:01:31] [Server thread/WARN]: whitehairguy moved wrongly!
[01:01:34] [Server thread/WARN]: Mismatch in destroy block pos: class_2338{x=714, y=64, z=-4432} class_2338{x=715, y=64, z=-4433}
[01:02:43] [Server thread/INFO]: [Not Secure] <Chubs410> eating rn
[01:02:54] [Server thread/INFO]: [Not Secure] <Chubs410> will reply in a bit
[01:02:58] [Server thread/INFO]: [Not Secure] <Ojas_Kumar> ill eat you lil bro
[01:03:02] [Server thread/INFO]: [Not Secure] <Rad1108> killed 2nd one
[01:03:09] [Server thread/WARN]: Can't keep up! Is the server overloaded? Running 2027ms or 40 ticks behind
[01:04:31] [Server thread/WARN]: Can't keep up! Is the server overloaded? Running 2001ms or 40 ticks behind
[01:04:39] [Server thread/WARN]: Mismatch in destroy block pos: class_2338{x=739, y=65, z=-4423} class_2338{x=738, y=64, z=-4424}
[01:04:42] [Server thread/INFO]: [Not Secure] <Rad1108> tq
[01:04:45] [Server thread/INFO]: [Not Secure] <Rad1108> fuck you
[01:04:49] [Server thread/INFO]: [Not Secure] <Rad1108> i called you
[01:04:53] [Server thread/INFO]: [Not Secure] <Rad1108> aaey nahi
[01:04:55] [Server thread/INFO]: [Not Secure] <Rad1108> bc
[01:06:08] [Server thread/WARN]: BrownNiggar moved wrongly!
[01:06:59] [Server thread/WARN]: Mismatch in destroy block pos: class_2338{x=712, y=63, z=-4433} class_2338{x=714, y=64, z=-4436}
[01:07:09] [Server thread/INFO]: [Not Secure] <Rad1108> we need to find the 2nd sponge room
[01:07:18] [Server thread/INFO]: [Not Secure] <Rad1108> in ocean monument
[01:07:32] [Server thread/WARN]: Can't keep up! Is the server overloaded? Running 2006ms or 40 ticks behind
[01:07:40] [Server thread/INFO]: [Not Secure] <Rad1108> gave him
[01:07:49] [Server thread/INFO]: [Not Secure] <Rad1108> boo
[01:07:54] [Server thread/INFO]: [Not Secure] <Rad1108> give him food
[01:07:56] [Server thread/INFO]: [Not Secure] <Chubs410> pawk
[01:08:04] [Server thread/INFO]: [Not Secure] <Ojas_Kumar> tuah
[01:08:04] [Server thread/INFO]: [Not Secure] <Rad1108> brown nigga took them
[01:08:11] [Server thread/INFO]: [Not Secure] <Rad1108> i gave 11 potatoes
[01:08:17] [Server thread/WARN]: Can't keep up! Is the server overloaded? Running 2005ms or 40 ticks behind
[01:08:24] [Server thread/INFO]: [Not Secure] <Rad1108> i gave half
[01:08:44] [Server thread/INFO]: [Not Secure] <Rad1108> easiets food source
[01:08:50] [Server thread/WARN]: Can't keep up! Is the server overloaded? Running 2002ms or 40 ticks behind
[01:08:51] [Server thread/INFO]: [Not Secure] <Chubs410> 3
[01:09:01] [Server thread/INFO]: [Not Secure] <Chubs410> yes, 7
[01:09:07] [Server thread/INFO]: [Not Secure] <BrownNiggar> 14
[01:09:10] [Server thread/INFO]: [Not Secure] <Ojas_Kumar> 21
[01:09:17] [Server thread/WARN]: Can't keep up! Is the server overloaded? Running 2000ms or 40 ticks behind
[01:09:31] [Server thread/INFO]: [Not Secure] <Chubs410> ong
[01:09:34] [Server thread/INFO]: [Not Secure] <Chubs410> i have 7
[01:09:46] [Server thread/WARN]: Can't keep up! Is the server overloaded? Running 2007ms or 40 ticks behind
[01:09:52] [Server thread/INFO]: [Not Secure] <Chubs410> 2 germans, 2 labs, 1 husky, 1 poms
[01:10:14] [Server thread/INFO]: [Not Secure] <Chubs410> kasauli
[01:10:15] [Server thread/WARN]: Can't keep up! Is the server overloaded? Running 2004ms or 40 ticks behind
[01:10:39] [Server thread/INFO]: [Not Secure] <Chubs410> the lore deepens
[01:10:41] [Server thread/WARN]: Can't keep up! Is the server overloaded? Running 2007ms or 40 ticks behind
[01:11:00] [Server thread/WARN]: Can't keep up! Is the server overloaded? Running 4758ms or 95 ticks behind
[01:11:20] [Server thread/WARN]: Can't keep up! Is the server overloaded? Running 4206ms or 84 ticks behind
[01:11:40] [Server thread/WARN]: Can't keep up! Is the server overloaded? Running 5219ms or 104 ticks behind
[01:11:46] [Server thread/WARN]: whitehairguy moved wrongly!
[01:11:46] [Server thread/WARN]: whitehairguy moved wrongly!
[01:11:46] [Server thread/WARN]: whitehairguy moved wrongly!
[01:11:57] [Server thread/WARN]: Can't keep up! Is the server overloaded? Running 2128ms or 42 ticks behind
[01:12:14] [Server thread/INFO]: [Not Secure] <Rad1108> give them food
[01:12:16] [Server thread/WARN]: Can't keep up! Is the server overloaded? Running 4332ms or 86 ticks behind
[01:12:26] [Server thread/INFO]: [Not Secure] <Rad1108> tabs
[01:12:43] [Server thread/WARN]: Can't keep up! Is the server overloaded? Running 2001ms or 40 ticks behind
[01:13:08] [Server thread/WARN]: Can't keep up! Is the server overloaded? Running 2371ms or 47 ticks behind
[01:13:25] [Server thread/WARN]: Can't keep up! Is the server overloaded? Running 2374ms or 47 ticks behind
[01:13:48] [Server thread/INFO]: [Not Secure] <Rad1108> there is one already
[01:13:55] [Server thread/INFO]: [Not Secure] <Rad1108> in traders
[01:13:57] [Server thread/INFO]: [Not Secure] <Rad1108> yes
[01:13:59] [Server thread/WARN]: Can't keep up! Is the server overloaded? Running 2005ms or 40 ticks behind
[01:14:04] [Server thread/INFO]: [Not Secure] <Rad1108> i have trim
[01:14:05] [Server thread/INFO]: Villager class_1646['Villager'/123909, l='ServerLevel[New World]', x=894.09, y=92.80, z=-4594.07] died, message: 'Villager was slain by Zombie'
[01:14:14] [Server thread/INFO]: Villager class_1646['Villager'/123912, l='ServerLevel[New World]', x=892.15, y=92.20, z=-4594.85] died, message: 'Villager was slain by Zombie'
[01:14:14] [Server thread/INFO]: Villager class_1646['Villager'/123910, l='ServerLevel[New World]', x=894.07, y=93.53, z=-4594.68] died, message: 'Villager was slain by Zombie Villager'
[01:14:17] [Server thread/WARN]: Can't keep up! Is the server overloaded? Running 2889ms or 57 ticks behind
[01:14:31] [Server thread/INFO]: [Not Secure] <MiffMoff> sleep
[01:14:35] [Server thread/INFO]: [Not Secure] <MiffMoff> sleep people
[01:14:37] [Server thread/INFO]: [Not Secure] <Chubs410> theek
[01:14:47] [Server thread/INFO]: whitehairguy lost connection: Disconnected
[01:14:47] [Server thread/INFO]: whitehairguy left the game
[01:14:56] [Server thread/INFO]: [Not Secure] <Rad1108> not hhere
[01:14:57] [Server thread/WARN]: Can't keep up! Is the server overloaded? Running 2038ms or 40 ticks behind
[01:14:59] [Server thread/INFO]: BrownNiggar lost connection: Disconnected
[01:14:59] [Server thread/INFO]: BrownNiggar left the game
[01:15:00] [Server thread/INFO]: [Not Secure] <Rad1108> dont ride me
[01:15:04] [Server thread/INFO]: BrownNiggar[/127.139.218.78:34361] logged in with entity id 128828 at (809.9832745568636, 69.5625, 496.38656707281257)
[01:15:04] [Server thread/INFO]: BrownNiggar joined the game
[01:15:10] [Server thread/INFO]: [Not Secure] <Rad1108> nigga
[01:15:14] [Server thread/WARN]: Can't keep up! Is the server overloaded? Running 2526ms or 50 ticks behind
[01:15:17] [Server thread/INFO]: [Not Secure] <Rad1108> sad
[01:15:32] [Server thread/INFO]: [Not Secure] <Rad1108> gimme stuff ill duplicate and give you
[01:15:32] [Server thread/INFO]: [Not Secure] <Chubs410> US culture
[01:15:33] [Server thread/WARN]: Can't keep up! Is the server overloaded? Running 3353ms or 67 ticks behind
[01:15:49] [Server thread/INFO]: [Not Secure] <Rad1108> no
[01:15:51] [Server thread/WARN]: Can't keep up! Is the server overloaded? Running 3580ms or 71 ticks behind
[01:16:02] [Server thread/INFO]: [Not Secure] <Chubs410> how many emeralds for netherite and upgrade template?
[01:16:25] [Server thread/INFO]: [Not Secure] <Rad1108> 2 netherie ingot
[01:16:34] [Server thread/INFO]: [Not Secure] <Rad1108> ys
[01:16:35] [Server thread/INFO]: whitehairguy[/127.0.0.1:35336] logged in with entity id 130533 at (242.69999998807907, 48.0, 1737.85547269595)
[01:16:35] [Server thread/INFO]: whitehairguy joined the game
[01:16:35] [Server thread/WARN]: UUID of added entity already exists: class_1684['Thrown Ender Pearl'/130538, l='ServerLevel[New World]', x=721.57, y=63.11, z=551.39]
[01:16:35] [Server thread/WARN]: Failed to spawn player ender pearl in level (ResourceKey[minecraft:dimension / minecraft:overworld]), skipping
[01:16:35] [Server thread/WARN]: UUID of added entity already exists: class_1684['Thrown Ender Pearl'/130539, l='ServerLevel[New World]', x=995.36, y=62.95, z=228.38]
[01:16:35] [Server thread/WARN]: Failed to spawn player ender pearl in level (ResourceKey[minecraft:dimension / minecraft:overworld]), skipping
[01:16:35] [Server thread/WARN]: UUID of added entity already exists: class_1684['Thrown Ender Pearl'/130540, l='ServerLevel[New World]', x=1015.69, y=63.10, z=250.50]
[01:16:35] [Server thread/WARN]: Failed to spawn player ender pearl in level (ResourceKey[minecraft:dimension / minecraft:overworld]), skipping
[01:16:35] [Server thread/WARN]: UUID of added entity already exists: class_1684['Thrown Ender Pearl'/130542, l='ServerLevel[New World]', x=1015.40, y=62.96, z=228.49]
[01:16:35] [Server thread/WARN]: Failed to spawn player ender pearl in level (ResourceKey[minecraft:dimension / minecraft:overworld]), skipping
[01:16:35] [Server thread/WARN]: UUID of added entity already exists: class_1684['Thrown Ender Pearl'/130543, l='ServerLevel[New World]', x=995.23, y=63.26, z=250.60]
[01:16:35] [Server thread/WARN]: Failed to spawn player ender pearl in level (ResourceKey[minecraft:dimension / minecraft:overworld]), skipping
[01:16:35] [Server thread/WARN]: UUID of added entity already exists: class_1684['Thrown Ender Pearl'/130544, l='ServerLevel[New World]', x=1015.69, y=63.10, z=250.50]
[01:16:35] [Server thread/WARN]: Failed to spawn player ender pearl in level (ResourceKey[minecraft:dimension / minecraft:overworld]), skipping
[01:16:35] [Server thread/WARN]: UUID of added entity already exists: class_1684['Thrown Ender Pearl'/130545, l='ServerLevel[New World]', x=995.23, y=62.98, z=250.60]
[01:16:35] [Server thread/WARN]: Failed to spawn player ender pearl in level (ResourceKey[minecraft:dimension / minecraft:overworld]), skipping
[01:16:50] [Server thread/INFO]: [Not Secure] <Rad1108> well can i get 4?
[01:16:56] [Server thread/INFO]: whitehairguy lost connection: Disconnected
[01:16:56] [Server thread/INFO]: whitehairguy left the game
[01:17:11] [Server thread/WARN]: Can't keep up! Is the server overloaded? Running 2020ms or 40 ticks behind
[01:17:31] [Server thread/WARN]: Can't keep up! Is the server overloaded? Running 4143ms or 82 ticks behind
[01:18:06] [Server thread/INFO]: [Not Secure] <Rad1108> what did you need?
[01:18:09] [Server thread/INFO]: [Not Secure] <Rad1108> hai
[01:18:15] [Server thread/INFO]: [Not Secure] <Rad1108> gimme back that
[01:18:36] [Server thread/INFO]: [Not Secure] <Rad1108> that was the cost
[01:19:31] [Server thread/INFO]: Rad1108 lost connection: Disconnected
[01:19:31] [Server thread/INFO]: Rad1108 left the game
[01:19:36] [Server thread/INFO]: Rad1108[/127.135.173.133:53661] logged in with entity id 133676 at (812.2861402126784, 63.0, 498.12118661473244)
[01:19:36] [Server thread/INFO]: Rad1108 joined the game
[01:19:43] [Server thread/WARN]: Can't keep up! Is the server overloaded? Running 2002ms or 40 ticks behind
[01:19:44] [Server thread/INFO]: [Not Secure] <Rad1108> will join back soon
[01:19:45] [Server thread/INFO]: Rad1108 lost connection: Disconnected
[01:19:45] [Server thread/INFO]: Rad1108 left the game
[01:19:47] [Server thread/WARN]: Mismatch in destroy block pos: class_2338{x=737, y=55, z=534} class_2338{x=737, y=56, z=534}
[01:19:53] [Server thread/WARN]: Mismatch in destroy block pos: class_2338{x=730, y=55, z=532} class_2338{x=730, y=53, z=531}
[01:20:20] [Server thread/WARN]: Can't keep up! Is the server overloaded? Running 2016ms or 40 ticks behind
[01:21:17] [Server thread/WARN]: Mismatch in destroy block pos: class_2338{x=712, y=63, z=-4433} class_2338{x=890, y=93, z=-4595}
[01:23:17] [Server thread/INFO]: whitehairguy[/127.0.0.1:42296] logged in with entity id 135461 at (242.3143209915017, 48.62475823556798, 1738.4088640791456)
[01:23:17] [Server thread/INFO]: whitehairguy joined the game
[01:23:17] [Server thread/WARN]: UUID of added entity already exists: class_1684['Thrown Ender Pearl'/135466, l='ServerLevel[New World]', x=1015.69, y=63.10, z=250.50]
[01:23:17] [Server thread/WARN]: Failed to spawn player ender pearl in level (ResourceKey[minecraft:dimension / minecraft:overworld]), skipping
[01:23:17] [Server thread/WARN]: UUID of added entity already exists: class_1684['Thrown Ender Pearl'/135468, l='ServerLevel[New World]', x=995.36, y=62.95, z=228.38]
[01:23:17] [Server thread/WARN]: Failed to spawn player ender pearl in level (ResourceKey[minecraft:dimension / minecraft:overworld]), skipping
[01:23:17] [Server thread/WARN]: UUID of added entity already exists: class_1684['Thrown Ender Pearl'/135469, l='ServerLevel[New World]', x=721.57, y=63.11, z=551.39]
[01:23:17] [Server thread/WARN]: Failed to spawn player ender pearl in level (ResourceKey[minecraft:dimension / minecraft:overworld]), skipping
[01:23:17] [Server thread/WARN]: UUID of added entity already exists: class_1684['Thrown Ender Pearl'/135470, l='ServerLevel[New World]', x=995.23, y=63.11, z=250.60]
[01:23:17] [Server thread/WARN]: Failed to spawn player ender pearl in level (ResourceKey[minecraft:dimension / minecraft:overworld]), skipping
[01:23:17] [Server thread/WARN]: UUID of added entity already exists: class_1684['Thrown Ender Pearl'/135471, l='ServerLevel[New World]', x=1015.69, y=63.10, z=250.50]
[01:23:17] [Server thread/WARN]: Failed to spawn player ender pearl in level (ResourceKey[minecraft:dimension / minecraft:overworld]), skipping
[01:23:17] [Server thread/WARN]: UUID of added entity already exists: class_1684['Thrown Ender Pearl'/135472, l='ServerLevel[New World]', x=995.23, y=63.26, z=250.60]
[01:23:17] [Server thread/WARN]: Failed to spawn player ender pearl in level (ResourceKey[minecraft:dimension / minecraft:overworld]), skipping
[01:23:17] [Server thread/WARN]: UUID of added entity already exists: class_1684['Thrown Ender Pearl'/135473, l='ServerLevel[New World]', x=1015.40, y=62.96, z=228.49]
[01:23:17] [Server thread/WARN]: Failed to spawn player ender pearl in level (ResourceKey[minecraft:dimension / minecraft:overworld]), skipping
[01:23:43] [Server thread/INFO]: Rad1108[/127.135.173.133:36615] logged in with entity id 135829 at (812.2861402126784, 63.0, 498.12118661473244)
[01:23:43] [Server thread/INFO]: Rad1108 joined the game
[01:23:51] [Server thread/INFO]: [Not Secure] <Rad1108> want dept strider?
[01:24:11] [Server thread/INFO]: Rad1108 lost connection: Disconnected
[01:24:11] [Server thread/INFO]: Rad1108 left the game
[01:24:38] [Server thread/INFO]: whitehairguy lost connection: Disconnected
[01:24:38] [Server thread/INFO]: whitehairguy left the game
[01:25:10] [Server thread/WARN]: Can't keep up! Is the server overloaded? Running 2032ms or 40 ticks behind
[01:25:26] [Server thread/INFO]: BrownNiggar lost connection: Disconnected
[01:25:26] [Server thread/INFO]: BrownNiggar left the game
[01:25:28] [Server thread/WARN]: Can't keep up! Is the server overloaded? Running 3297ms or 65 ticks behind
[01:28:05] [Server thread/INFO]: [Not Secure] <MiffMoff> sleep
[01:28:09] [Server thread/INFO]: [Not Secure] <Ojas_Kumar> zzzzzzzzzz
[01:28:10] [Server thread/INFO]: whitehairguy[/127.0.0.1:52522] logged in with entity id 138531 at (239.8722529235893, 48.0, 1741.699999988079)
[01:28:10] [Server thread/INFO]: whitehairguy joined the game
[01:28:10] [Server thread/WARN]: UUID of added entity already exists: class_1684['Thrown Ender Pearl'/138534, l='ServerLevel[New World]', x=995.23, y=62.92, z=250.60]
[01:28:10] [Server thread/WARN]: Failed to spawn player ender pearl in level (ResourceKey[minecraft:dimension / minecraft:overworld]), skipping
[01:28:10] [Server thread/WARN]: UUID of added entity already exists: class_1684['Thrown Ender Pearl'/138536, l='ServerLevel[New World]', x=1015.69, y=63.10, z=250.50]
[01:28:10] [Server thread/WARN]: Failed to spawn player ender pearl in level (ResourceKey[minecraft:dimension / minecraft:overworld]), skipping
[01:28:10] [Server thread/WARN]: UUID of added entity already exists: class_1684['Thrown Ender Pearl'/138537, l='ServerLevel[New World]', x=1015.40, y=63.08, z=228.49]
[01:28:10] [Server thread/WARN]: Failed to spawn player ender pearl in level (ResourceKey[minecraft:dimension / minecraft:overworld]), skipping
[01:28:10] [Server thread/WARN]: UUID of added entity already exists: class_1684['Thrown Ender Pearl'/138540, l='ServerLevel[New World]', x=995.23, y=63.11, z=250.60]
[01:28:10] [Server thread/WARN]: Failed to spawn player ender pearl in level (ResourceKey[minecraft:dimension / minecraft:overworld]), skipping
[01:28:10] [Server thread/WARN]: UUID of added entity already exists: class_1684['Thrown Ender Pearl'/138541, l='ServerLevel[New World]', x=1015.69, y=63.10, z=250.50]
[01:28:10] [Server thread/WARN]: Failed to spawn player ender pearl in level (ResourceKey[minecraft:dimension / minecraft:overworld]), skipping
[01:28:10] [Server thread/WARN]: UUID of added entity already exists: class_1684['Thrown Ender Pearl'/138542, l='ServerLevel[New World]', x=995.36, y=62.95, z=228.38]
[01:28:10] [Server thread/WARN]: Failed to spawn player ender pearl in level (ResourceKey[minecraft:dimension / minecraft:overworld]), skipping
[01:28:10] [Server thread/WARN]: UUID of added entity already exists: class_1684['Thrown Ender Pearl'/138543, l='ServerLevel[New World]', x=721.57, y=63.11, z=551.39]
[01:28:10] [Server thread/WARN]: Failed to spawn player ender pearl in level (ResourceKey[minecraft:dimension / minecraft:overworld]), skipping
[01:28:17] [Server thread/INFO]: [Not Secure] <whitehairguy> stuck in a fucking argument
[01:28:18] [Server thread/INFO]: whitehairguy lost connection: Disconnected
[01:28:18] [Server thread/INFO]: whitehairguy left the game
[01:28:31] [Server thread/WARN]: Can't keep up! Is the server overloaded? Running 2023ms or 40 ticks behind
[01:28:40] [Server thread/INFO]: whitehairguy[/127.0.0.1:52776] logged in with entity id 138928 at (239.8722529235893, 48.0, 1741.699999988079)
[01:28:40] [Server thread/INFO]: whitehairguy joined the game
[01:28:40] [Server thread/WARN]: UUID of added entity already exists: class_1684['Thrown Ender Pearl'/138931, l='ServerLevel[New World]', x=995.23, y=63.00, z=250.60]
[01:28:40] [Server thread/WARN]: Failed to spawn player ender pearl in level (ResourceKey[minecraft:dimension / minecraft:overworld]), skipping
[01:28:40] [Server thread/WARN]: UUID of added entity already exists: class_1684['Thrown Ender Pearl'/138935, l='ServerLevel[New World]', x=1015.69, y=63.10, z=250.50]
[01:28:40] [Server thread/WARN]: Failed to spawn player ender pearl in level (ResourceKey[minecraft:dimension / minecraft:overworld]), skipping
[01:28:40] [Server thread/WARN]: UUID of added entity already exists: class_1684['Thrown Ender Pearl'/138936, l='ServerLevel[New World]', x=1015.40, y=63.08, z=228.49]
[01:28:40] [Server thread/WARN]: Failed to spawn player ender pearl in level (ResourceKey[minecraft:dimension / minecraft:overworld]), skipping
[01:28:40] [Server thread/WARN]: UUID of added entity already exists: class_1684['Thrown Ender Pearl'/138937, l='ServerLevel[New World]', x=995.36, y=62.95, z=228.38]
[01:28:40] [Server thread/WARN]: Failed to spawn player ender pearl in level (ResourceKey[minecraft:dimension / minecraft:overworld]), skipping
[01:28:40] [Server thread/WARN]: UUID of added entity already exists: class_1684['Thrown Ender Pearl'/138938, l='ServerLevel[New World]', x=721.57, y=63.11, z=551.39]
[01:28:40] [Server thread/WARN]: Failed to spawn player ender pearl in level (ResourceKey[minecraft:dimension / minecraft:overworld]), skipping
[01:28:40] [Server thread/WARN]: UUID of added entity already exists: class_1684['Thrown Ender Pearl'/138939, l='ServerLevel[New World]', x=995.23, y=63.11, z=250.60]
[01:28:40] [Server thread/WARN]: Failed to spawn player ender pearl in level (ResourceKey[minecraft:dimension / minecraft:overworld]), skipping
[01:28:40] [Server thread/WARN]: UUID of added entity already exists: class_1684['Thrown Ender Pearl'/138940, l='ServerLevel[New World]', x=1015.69, y=63.10, z=250.50]
[01:28:40] [Server thread/WARN]: Failed to spawn player ender pearl in level (ResourceKey[minecraft:dimension / minecraft:overworld]), skipping
[01:29:35] [Server thread/INFO]: Rad1108[/127.135.173.133:46271] logged in with entity id 139567 at (812.8403397447231, 63.0, 496.88399406899964)
[01:29:35] [Server thread/INFO]: Rad1108 joined the game
[01:29:42] [Server thread/INFO]: [Not Secure] <Chubs410> wo clown haryanvi?
[01:30:25] [Server thread/INFO]: [Not Secure] <Rad1108> sed
[01:30:28] [Server thread/INFO]: [Not Secure] <Chubs410> how do you manage to end up talking to the weirdest boys?
[01:30:47] [Server thread/INFO]: whitehairguy lost connection: Disconnected
[01:30:47] [Server thread/INFO]: whitehairguy left the game
[01:30:49] [Server thread/INFO]: whitehairguy[/127.0.0.1:54844] logged in with entity id 140240 at (222.96703214097184, 44.54987622231539, 1729.1149328647393)
[01:30:49] [Server thread/INFO]: whitehairguy joined the game
[01:30:49] [Server thread/WARN]: UUID of added entity already exists: class_1684['Thrown Ender Pearl'/140243, l='ServerLevel[New World]', x=995.23, y=62.93, z=250.60]
[01:30:49] [Server thread/WARN]: Failed to spawn player ender pearl in level (ResourceKey[minecraft:dimension / minecraft:overworld]), skipping
[01:30:49] [Server thread/WARN]: UUID of added entity already exists: class_1684['Thrown Ender Pearl'/140245, l='ServerLevel[New World]', x=1015.69, y=63.10, z=250.50]
[01:30:49] [Server thread/WARN]: Failed to spawn player ender pearl in level (ResourceKey[minecraft:dimension / minecraft:overworld]), skipping
[01:30:49] [Server thread/WARN]: UUID of added entity already exists: class_1684['Thrown Ender Pearl'/140248, l='ServerLevel[New World]', x=721.57, y=63.11, z=551.39]
[01:30:49] [Server thread/WARN]: Failed to spawn player ender pearl in level (ResourceKey[minecraft:dimension / minecraft:overworld]), skipping
[01:30:49] [Server thread/WARN]: UUID of added entity already exists: class_1684['Thrown Ender Pearl'/140249, l='ServerLevel[New World]', x=995.23, y=63.11, z=250.60]
[01:30:49] [Server thread/WARN]: Failed to spawn player ender pearl in level (ResourceKey[minecraft:dimension / minecraft:overworld]), skipping
[01:30:49] [Server thread/WARN]: UUID of added entity already exists: class_1684['Thrown Ender Pearl'/140250, l='ServerLevel[New World]', x=1015.40, y=63.08, z=228.49]
[01:30:49] [Server thread/WARN]: Failed to spawn player ender pearl in level (ResourceKey[minecraft:dimension / minecraft:overworld]), skipping
[01:30:49] [Server thread/WARN]: UUID of added entity already exists: class_1684['Thrown Ender Pearl'/140251, l='ServerLevel[New World]', x=995.36, y=62.95, z=228.38]
[01:30:49] [Server thread/WARN]: Failed to spawn player ender pearl in level (ResourceKey[minecraft:dimension / minecraft:overworld]), skipping
[01:30:49] [Server thread/WARN]: UUID of added entity already exists: class_1684['Thrown Ender Pearl'/140252, l='ServerLevel[New World]', x=1015.69, y=63.10, z=250.50]
[01:30:49] [Server thread/WARN]: Failed to spawn player ender pearl in level (ResourceKey[minecraft:dimension / minecraft:overworld]), skipping
[01:30:58] [Server thread/INFO]: [Not Secure] <whitehairguy> gimme insta
[01:31:06] [Server thread/INFO]: [Not Secure] <Chubs410> no fucking way
[01:31:12] [Server thread/WARN]: Can't keep up! Is the server overloaded? Running 2008ms or 40 ticks behind
[01:31:31] [Server thread/INFO]: Villager class_1646['Nitwit'/134021, l='ServerLevel[New World]', x=891.27, y=94.19, z=-4595.47] died, message: 'Nitwit was slain by Ojas_Kumar'
[01:31:33] [Server thread/INFO]: [Not Secure] <whitehairguy> gimme insta nword
[01:32:19] [Server thread/WARN]: Mismatch in destroy block pos: class_2338{x=886, y=91, z=-4591} class_2338{x=888, y=92, z=-4587}
[01:33:01] [Server thread/INFO]: [Not Secure] <Chubs410> kitne ajeeb log hai iss college mei bruh
[01:34:36] [Server thread/WARN]: whitehairguy moved too quickly! -5.864963766176913,2.9999999999999716,-8.12085335109191
[01:34:49] [Server thread/WARN]: Can't keep up! Is the server overloaded? Running 2007ms or 40 ticks behind
[01:34:55] [Server thread/WARN]: whitehairguy moved too quickly! 7.989514197764436,2.999999999999986,-6.088487853234028
[01:35:20] [Server thread/INFO]: whitehairguy lost connection: Disconnected
[01:35:20] [Server thread/INFO]: whitehairguy left the game
[01:35:21] [Server thread/WARN]: Can't keep up! Is the server overloaded? Running 2002ms or 40 ticks behind
[01:35:39] [Server thread/WARN]: Can't keep up! Is the server overloaded? Running 2001ms or 40 ticks behind
[01:35:43] [Server thread/INFO]: whitehairguy[/127.0.0.1:36434] logged in with entity id 145295 at (726.8349744771806, 59.54166144262926, 831.2248993574226)
[01:35:43] [Server thread/INFO]: whitehairguy joined the game
[01:35:43] [Server thread/WARN]: UUID of added entity already exists: class_1684['Thrown Ender Pearl'/145297, l='ServerLevel[New World]', x=995.23, y=62.93, z=250.60]
[01:35:43] [Server thread/WARN]: Failed to spawn player ender pearl in level (ResourceKey[minecraft:dimension / minecraft:overworld]), skipping
[01:35:43] [Server thread/WARN]: UUID of added entity already exists: class_1684['Thrown Ender Pearl'/145302, l='ServerLevel[New World]', x=1015.69, y=63.10, z=250.50]
[01:35:43] [Server thread/WARN]: Failed to spawn player ender pearl in level (ResourceKey[minecraft:dimension / minecraft:overworld]), skipping
[01:35:43] [Server thread/WARN]: UUID of added entity already exists: class_1684['Thrown Ender Pearl'/145303, l='ServerLevel[New World]', x=1015.40, y=63.08, z=228.49]
[01:35:43] [Server thread/WARN]: Failed to spawn player ender pearl in level (ResourceKey[minecraft:dimension / minecraft:overworld]), skipping
[01:35:43] [Server thread/WARN]: UUID of added entity already exists: class_1684['Thrown Ender Pearl'/145304, l='ServerLevel[New World]', x=995.36, y=62.95, z=228.38]
[01:35:43] [Server thread/WARN]: Failed to spawn player ender pearl in level (ResourceKey[minecraft:dimension / minecraft:overworld]), skipping
[01:35:43] [Server thread/WARN]: UUID of added entity already exists: class_1684['Thrown Ender Pearl'/145305, l='ServerLevel[New World]', x=721.57, y=63.11, z=551.39]
[01:35:43] [Server thread/WARN]: Failed to spawn player ender pearl in level (ResourceKey[minecraft:dimension / minecraft:overworld]), skipping
[01:35:43] [Server thread/WARN]: UUID of added entity already exists: class_1684['Thrown Ender Pearl'/145306, l='ServerLevel[New World]', x=995.23, y=63.11, z=250.60]
[01:35:43] [Server thread/WARN]: Failed to spawn player ender pearl in level (ResourceKey[minecraft:dimension / minecraft:overworld]), skipping
[01:35:43] [Server thread/WARN]: UUID of added entity already exists: class_1684['Thrown Ender Pearl'/145307, l='ServerLevel[New World]', x=1015.69, y=63.10, z=250.50]
[01:35:43] [Server thread/WARN]: Failed to spawn player ender pearl in level (ResourceKey[minecraft:dimension / minecraft:overworld]), skipping
[01:38:30] [Server thread/INFO]: [Not Secure] <Chubs410> yes, name please
[01:38:34] [Server thread/INFO]: [Not Secure] <Rad1108> bye
[01:38:36] [Server thread/INFO]: Rad1108 lost connection: Disconnected
[01:38:36] [Server thread/INFO]: Rad1108 left the game
[01:39:25] [Server thread/WARN]: whitehairguy moved too quickly! -7.900946459682245,-5.649862906278599,3.498132150317815
[01:40:33] [Server thread/INFO]: [Not Secure] <Chubs410> 'bitch i will'
[01:40:56] [Server thread/INFO]: [Not Secure] <Chubs410> mai hounga
[01:41:24] [Server thread/INFO]: [Not Secure] <MiffMoff> sleep
[01:41:27] [Server thread/INFO]: whitehairguy lost connection: Disconnected
[01:41:27] [Server thread/INFO]: whitehairguy left the game
[01:41:47] [Server thread/INFO]: whitehairguy[/127.0.0.1:44642] logged in with entity id 149135 at (773.784467065929, 69.0, 549.4588952391142)
[01:41:47] [Server thread/INFO]: whitehairguy joined the game
[01:41:47] [Server thread/WARN]: UUID of added entity already exists: class_1684['Thrown Ender Pearl'/149139, l='ServerLevel[New World]', x=995.23, y=62.93, z=250.60]
[01:41:47] [Server thread/WARN]: Failed to spawn player ender pearl in level (ResourceKey[minecraft:dimension / minecraft:overworld]), skipping
[01:41:47] [Server thread/WARN]: UUID of added entity already exists: class_1684['Thrown Ender Pearl'/149140, l='ServerLevel[New World]', x=1015.69, y=63.10, z=250.50]
[01:41:47] [Server thread/WARN]: Failed to spawn player ender pearl in level (ResourceKey[minecraft:dimension / minecraft:overworld]), skipping
[01:41:47] [Server thread/WARN]: UUID of added entity already exists: class_1684['Thrown Ender Pearl'/149141, l='ServerLevel[New World]', x=1015.40, y=63.08, z=228.49]
[01:41:47] [Server thread/WARN]: Failed to spawn player ender pearl in level (ResourceKey[minecraft:dimension / minecraft:overworld]), skipping
[01:41:47] [Server thread/WARN]: UUID of added entity already exists: class_1684['Thrown Ender Pearl'/149144, l='ServerLevel[New World]', x=995.23, y=63.11, z=250.60]
[01:41:47] [Server thread/WARN]: Failed to spawn player ender pearl in level (ResourceKey[minecraft:dimension / minecraft:overworld]), skipping
[01:41:47] [Server thread/WARN]: UUID of added entity already exists: class_1684['Thrown Ender Pearl'/149145, l='ServerLevel[New World]', x=1015.69, y=63.10, z=250.50]
[01:41:47] [Server thread/WARN]: Failed to spawn player ender pearl in level (ResourceKey[minecraft:dimension / minecraft:overworld]), skipping
[01:41:47] [Server thread/WARN]: UUID of added entity already exists: class_1684['Thrown Ender Pearl'/149146, l='ServerLevel[New World]', x=995.36, y=62.95, z=228.38]
[01:41:47] [Server thread/WARN]: Failed to spawn player ender pearl in level (ResourceKey[minecraft:dimension / minecraft:overworld]), skipping
[01:41:47] [Server thread/WARN]: UUID of added entity already exists: class_1684['Thrown Ender Pearl'/149147, l='ServerLevel[New World]', x=721.57, y=63.11, z=551.39]
[01:41:47] [Server thread/WARN]: Failed to spawn player ender pearl in level (ResourceKey[minecraft:dimension / minecraft:overworld]), skipping
[01:41:58] [Server thread/INFO]: whitehairguy lost connection: Disconnected
[01:41:58] [Server thread/INFO]: whitehairguy left the game
[01:42:05] [Server thread/INFO]: whitehairguy[/127.0.0.1:48846] logged in with entity id 149283 at (781.7012575562989, 63.0, 546.3808196691573)
[01:42:05] [Server thread/INFO]: whitehairguy joined the game
[01:42:05] [Server thread/WARN]: UUID of added entity already exists: class_1684['Thrown Ender Pearl'/149285, l='ServerLevel[New World]', x=995.23, y=62.93, z=250.60]
[01:42:05] [Server thread/WARN]: Failed to spawn player ender pearl in level (ResourceKey[minecraft:dimension / minecraft:overworld]), skipping
[01:42:05] [Server thread/WARN]: UUID of added entity already exists: class_1684['Thrown Ender Pearl'/149290, l='ServerLevel[New World]', x=1015.69, y=63.10, z=250.50]
[01:42:05] [Server thread/WARN]: Failed to spawn player ender pearl in level (ResourceKey[minecraft:dimension / minecraft:overworld]), skipping
[01:42:05] [Server thread/WARN]: UUID of added entity already exists: class_1684['Thrown Ender Pearl'/149291, l='ServerLevel[New World]', x=1015.40, y=63.08, z=228.49]
[01:42:05] [Server thread/WARN]: Failed to spawn player ender pearl in level (ResourceKey[minecraft:dimension / minecraft:overworld]), skipping
[01:42:05] [Server thread/WARN]: UUID of added entity already exists: class_1684['Thrown Ender Pearl'/149292, l='ServerLevel[New World]', x=995.36, y=62.95, z=228.38]
[01:42:05] [Server thread/WARN]: Failed to spawn player ender pearl in level (ResourceKey[minecraft:dimension / minecraft:overworld]), skipping
[01:42:05] [Server thread/WARN]: UUID of added entity already exists: class_1684['Thrown Ender Pearl'/149293, l='ServerLevel[New World]', x=721.57, y=63.11, z=551.39]
[01:42:05] [Server thread/WARN]: Failed to spawn player ender pearl in level (ResourceKey[minecraft:dimension / minecraft:overworld]), skipping
[01:42:05] [Server thread/WARN]: UUID of added entity already exists: class_1684['Thrown Ender Pearl'/149294, l='ServerLevel[New World]', x=995.23, y=63.11, z=250.60]
[01:42:05] [Server thread/WARN]: Failed to spawn player ender pearl in level (ResourceKey[minecraft:dimension / minecraft:overworld]), skipping
[01:42:05] [Server thread/WARN]: UUID of added entity already exists: class_1684['Thrown Ender Pearl'/149295, l='ServerLevel[New World]', x=1015.69, y=63.10, z=250.50]
[01:42:05] [Server thread/WARN]: Failed to spawn player ender pearl in level (ResourceKey[minecraft:dimension / minecraft:overworld]), skipping
[01:46:55] [Server thread/INFO]: [Not Secure] <Ojas_Kumar> brb
[01:47:30] [Server thread/INFO]: [Not Secure] <Ojas_Kumar> :withered_rose:
[01:48:00] [Server thread/INFO]: [Not Secure] <whitehairguy> gonna restock the farm
[01:48:01] [Server thread/INFO]: [Not Secure] <Ojas_Kumar> skill issue
[01:48:17] [Server thread/INFO]: [Not Secure] <Ojas_Kumar> I TYPE AT THE SPEED OF 200 WPM WHEN I LOSE A COMP MATCH
[01:48:28] [Server thread/INFO]: [Not Secure] <Ojas_Kumar> competitive
[01:48:33] [Server thread/INFO]: [Not Secure] <Ojas_Kumar> comp*
[01:48:52] [Server thread/INFO]: [Not Secure] <Ojas_Kumar> computer :nerd: :finger_up:
[01:49:07] [Server thread/INFO]: [Not Secure] <Ojas_Kumar> erm akshually
[01:50:08] [Server thread/INFO]: [Not Secure] <Ojas_Kumar> tralala
[01:50:29] [Server thread/INFO]: [Not Secure] <Ojas_Kumar> bla bla bla ble ble ble blu blu blu
[01:51:05] [Server thread/INFO]: [Not Secure] <Ojas_Kumar> sry
[01:51:07] [Server thread/INFO]: [Not Secure] <Ojas_Kumar> man kiya
[01:51:09] [Server thread/WARN]: Can't keep up! Is the server overloaded? Running 2015ms or 40 ticks behind
[01:51:36] [Server thread/INFO]: [Not Secure] <Ojas_Kumar> me after sns
[01:51:37] [Server thread/WARN]: Can't keep up! Is the server overloaded? Running 2006ms or 40 ticks behind
[01:51:43] [Server thread/INFO]: [Not Secure] <Ojas_Kumar> signal and system
[01:52:15] [Server thread/WARN]: Can't keep up! Is the server overloaded? Running 2011ms or 40 ticks behind
[01:52:28] [Server thread/INFO]: BrownNiggar[/127.139.218.78:52651] logged in with entity id 154125 at (755.2245303000202, 63.0, 557.4261683831946)
[01:52:28] [Server thread/INFO]: BrownNiggar joined the game
[01:52:34] [Server thread/WARN]: Can't keep up! Is the server overloaded? Running 3725ms or 74 ticks behind
[01:52:37] [Server thread/INFO]: [Not Secure] <Ojas_Kumar> railway banao
[01:52:51] [Server thread/WARN]: Can't keep up! Is the server overloaded? Running 2007ms or 40 ticks behind
[01:53:06] [Server thread/INFO]: [Not Secure] <Ojas_Kumar> stake lgega
[01:53:14] [Server thread/WARN]: Can't keep up! Is the server overloaded? Running 2004ms or 40 ticks behind
[01:53:35] [Server thread/INFO]: [Not Secure] <Ojas_Kumar> negarite
[01:53:35] [Server thread/WARN]: Can't keep up! Is the server overloaded? Running 5842ms or 116 ticks behind
[01:53:42] [Server thread/INFO]: [Not Secure] <Ojas_Kumar> WOAGH
[01:53:57] [Server thread/WARN]: Can't keep up! Is the server overloaded? Running 6425ms or 128 ticks behind
[01:54:16] [Server thread/WARN]: Can't keep up! Is the server overloaded? Running 4194ms or 83 ticks behind
[01:54:35] [Server thread/INFO]: [Not Secure] <Chubs410> zzzz
[01:54:37] [Server thread/WARN]: Can't keep up! Is the server overloaded? Running 6282ms or 125 ticks behind
[01:54:56] [Server thread/WARN]: Can't keep up! Is the server overloaded? Running 4170ms or 83 ticks behind
[01:55:16] [Server thread/WARN]: Can't keep up! Is the server overloaded? Running 4346ms or 86 ticks behind
[01:55:16] [Server thread/INFO]: [Not Secure] <Ojas_Kumar> spell it
[01:55:21] [Server thread/INFO]: [Not Secure] <BrownNiggar> KHEDAR
[01:55:41] [Server thread/INFO]: [Not Secure] <Ojas_Kumar> khay-der
[01:55:56] [Server thread/INFO]: [Not Secure] <Ojas_Kumar> hey there
[01:55:57] [Server thread/INFO]: [Not Secure] <BrownNiggar> KHE-DER
[01:55:58] [Server thread/INFO]: [Not Secure] <Ojas_Kumar> WOAH
[01:56:00] [Server thread/INFO]: whitehairguy lost connection: Disconnected
[01:56:00] [Server thread/INFO]: whitehairguy left the game
[01:56:03] [Server thread/INFO]: [Not Secure] <Ojas_Kumar> jinx miffy
[01:56:24] [Server thread/INFO]: whitehairguy[/127.0.0.1:55986] logged in with entity id 155897 at (737.1400885887979, 68.0, 556.1822709525603)
[01:56:24] [Server thread/INFO]: whitehairguy joined the game
[01:56:24] [Server thread/WARN]: UUID of added entity already exists: class_1684['Thrown Ender Pearl'/155901, l='ServerLevel[New World]', x=995.23, y=62.93, z=250.60]
[01:56:24] [Server thread/WARN]: Failed to spawn player ender pearl in level (ResourceKey[minecraft:dimension / minecraft:overworld]), skipping
[01:56:24] [Server thread/WARN]: UUID of added entity already exists: class_1684['Thrown Ender Pearl'/155902, l='ServerLevel[New World]', x=1015.69, y=63.10, z=250.50]
[01:56:24] [Server thread/WARN]: Failed to spawn player ender pearl in level (ResourceKey[minecraft:dimension / minecraft:overworld]), skipping
[01:56:24] [Server thread/WARN]: UUID of added entity already exists: class_1684['Thrown Ender Pearl'/155903, l='ServerLevel[New World]', x=1015.40, y=63.08, z=228.49]
[01:56:24] [Server thread/WARN]: Failed to spawn player ender pearl in level (ResourceKey[minecraft:dimension / minecraft:overworld]), skipping
[01:56:24] [Server thread/WARN]: UUID of added entity already exists: class_1684['Thrown Ender Pearl'/155906, l='ServerLevel[New World]', x=995.23, y=63.11, z=250.60]
[01:56:24] [Server thread/WARN]: Failed to spawn player ender pearl in level (ResourceKey[minecraft:dimension / minecraft:overworld]), skipping
[01:56:24] [Server thread/WARN]: UUID of added entity already exists: class_1684['Thrown Ender Pearl'/155907, l='ServerLevel[New World]', x=1015.69, y=63.10, z=250.50]
[01:56:24] [Server thread/WARN]: Failed to spawn player ender pearl in level (ResourceKey[minecraft:dimension / minecraft:overworld]), skipping
[01:56:24] [Server thread/WARN]: UUID of added entity already exists: class_1684['Thrown Ender Pearl'/155908, l='ServerLevel[New World]', x=995.36, y=62.95, z=228.38]
[01:56:24] [Server thread/WARN]: Failed to spawn player ender pearl in level (ResourceKey[minecraft:dimension / minecraft:overworld]), skipping
[01:56:24] [Server thread/WARN]: UUID of added entity already exists: class_1684['Thrown Ender Pearl'/155909, l='ServerLevel[New World]', x=721.57, y=63.11, z=551.39]
[01:56:24] [Server thread/WARN]: Failed to spawn player ender pearl in level (ResourceKey[minecraft:dimension / minecraft:overworld]), skipping
[01:56:32] [Server thread/INFO]: [Not Secure] <BrownNiggar> A
[01:56:32] [Server thread/INFO]: whitehairguy lost connection: Disconnected
[01:56:32] [Server thread/INFO]: whitehairguy left the game
[01:56:37] [Server thread/INFO]: whitehairguy[/127.0.0.1:55036] logged in with entity id 156006 at (741.5072852318947, 64.875, 557.8371905816845)
[01:56:37] [Server thread/INFO]: whitehairguy joined the game
[01:56:37] [Server thread/WARN]: UUID of added entity already exists: class_1684['Thrown Ender Pearl'/156011, l='ServerLevel[New World]', x=995.36, y=62.95, z=228.38]
[01:56:37] [Server thread/WARN]: Failed to spawn player ender pearl in level (ResourceKey[minecraft:dimension / minecraft:overworld]), skipping
[01:56:37] [Server thread/WARN]: UUID of added entity already exists: class_1684['Thrown Ender Pearl'/156012, l='ServerLevel[New World]', x=721.57, y=63.11, z=551.39]
[01:56:37] [Server thread/WARN]: Failed to spawn player ender pearl in level (ResourceKey[minecraft:dimension / minecraft:overworld]), skipping
[01:56:37] [Server thread/WARN]: UUID of added entity already exists: class_1684['Thrown Ender Pearl'/156013, l='ServerLevel[New World]', x=1015.69, y=63.10, z=250.50]
[01:56:37] [Server thread/WARN]: Failed to spawn player ender pearl in level (ResourceKey[minecraft:dimension / minecraft:overworld]), skipping
[01:56:37] [Server thread/WARN]: UUID of added entity already exists: class_1684['Thrown Ender Pearl'/156015, l='ServerLevel[New World]', x=1015.69, y=63.10, z=250.50]
[01:56:37] [Server thread/WARN]: Failed to spawn player ender pearl in level (ResourceKey[minecraft:dimension / minecraft:overworld]), skipping
[01:56:37] [Server thread/WARN]: UUID of added entity already exists: class_1684['Thrown Ender Pearl'/156016, l='ServerLevel[New World]', x=1015.40, y=63.08, z=228.49]
[01:56:37] [Server thread/WARN]: Failed to spawn player ender pearl in level (ResourceKey[minecraft:dimension / minecraft:overworld]), skipping
[01:56:37] [Server thread/WARN]: UUID of added entity already exists: class_1684['Thrown Ender Pearl'/156017, l='ServerLevel[New World]', x=995.23, y=63.05, z=250.60]
[01:56:37] [Server thread/WARN]: Failed to spawn player ender pearl in level (ResourceKey[minecraft:dimension / minecraft:overworld]), skipping
[01:56:37] [Server thread/WARN]: UUID of added entity already exists: class_1684['Thrown Ender Pearl'/156018, l='ServerLevel[New World]', x=995.23, y=62.93, z=250.60]
[01:56:37] [Server thread/WARN]: Failed to spawn player ender pearl in level (ResourceKey[minecraft:dimension / minecraft:overworld]), skipping
[01:58:16] [Server thread/WARN]: Can't keep up! Is the server overloaded? Running 2006ms or 40 ticks behind
[01:58:31] [Server thread/INFO]: [Not Secure] <Ojas_Kumar> :c
[01:58:41] [Server thread/INFO]: [Not Secure] <BrownNiggar> :(
[01:58:45] [Server thread/WARN]: Can't keep up! Is the server overloaded? Running 2002ms or 40 ticks behind
[01:59:07] [Server thread/INFO]: [Not Secure] <Ojas_Kumar> unemp
[01:59:19] [Server thread/INFO]: [Not Secure] <Ojas_Kumar> unc status
[01:59:53] [Server thread/INFO]: [Not Secure] <Ojas_Kumar> inanimate things btw
[02:00:18] [Server thread/INFO]: [Not Secure] <Ojas_Kumar> same thing
[02:00:30] [Server thread/INFO]: [Not Secure] <Ojas_Kumar> no
[02:00:41] [Server thread/WARN]: Mismatch in destroy block pos: class_2338{x=736, y=57, z=-4456} class_2338{x=739, y=56, z=-4460}
[02:00:52] [Server thread/WARN]: Mismatch in destroy block pos: class_2338{x=736, y=58, z=-4455} class_2338{x=736, y=57, z=-4457}
[02:01:25] [Server thread/WARN]: Mismatch in destroy block pos: class_2338{x=738, y=59, z=-4457} class_2338{x=738, y=58, z=-4456}
[02:01:48] [Server thread/INFO]: [Not Secure] <Ojas_Kumar> that escalated quick
[02:02:07] [Server thread/WARN]: Mismatch in destroy block pos: class_2338{x=739, y=57, z=-4456} class_2338{x=739, y=58, z=-4456}
[02:02:34] [Server thread/WARN]: Mismatch in destroy block pos: class_2338{x=743, y=59, z=-4457} class_2338{x=743, y=60, z=-4457}
[02:02:35] [Server thread/INFO]: [Not Secure] <whitehairguy> pro feminist
[02:02:37] [Server thread/INFO]: [Not Secure] <Chubs410> she meets a lot of wrong thapar men
[02:02:41] [Server thread/INFO]: [Not Secure] <Ojas_Kumar> #girlup
[02:02:42] [Server thread/INFO]: [Not Secure] <BrownNiggar> ++
[02:02:44] [Server thread/INFO]: [Not Secure] <whitehairguy> true that
[02:03:17] [Server thread/INFO]: [Not Secure] <Chubs410> 6'2 feminist who loves cooking btw
[02:03:29] [Server thread/INFO]: [Not Secure] <Ojas_Kumar> airball
[02:03:39] [Server thread/INFO]: [Not Secure] <Chubs410> i just forgot how to cook
[02:03:49] [Server thread/WARN]: Mismatch in destroy block pos: class_2338{x=715, y=61, z=-4457} class_2338{x=713, y=61, z=-4457}
[02:03:55] [Server thread/INFO]: [Not Secure] <whitehairguy> cookign skills depreated
[02:04:13] [Server thread/INFO]: [Not Secure] <whitehairguy> what cna you cook
[02:04:20] [Server thread/INFO]: [Not Secure] <Ojas_Kumar> dal bhat
[02:04:32] [Server thread/INFO]: [Not Secure] <whitehairguy> japanese omelette?
[02:04:37] [Server thread/INFO]: [Not Secure] <Ojas_Kumar> omurice
[02:04:38] [Server thread/INFO]: [Not Secure] <whitehairguy> ya whatever its said
[02:04:39] [Server thread/INFO]: [Not Secure] <whitehairguy> yes
[02:04:41] [Server thread/INFO]: [Not Secure] <whitehairguy> omurice
[02:04:57] [Server thread/INFO]: [Not Secure] <Ojas_Kumar> beat krna hota hai
[02:05:01] [Server thread/INFO]: [Not Secure] <Ojas_Kumar> on low flame
[02:05:29] [Server thread/WARN]: Can't keep up! Is the server overloaded? Running 2002ms or 40 ticks behind
[02:05:48] [Server thread/WARN]: Can't keep up! Is the server overloaded? Running 4062ms or 81 ticks behind
[02:05:49] [Server thread/INFO]: [Not Secure] <Ojas_Kumar> WOAH CALM DOWN
[02:06:05] [Server thread/WARN]: Can't keep up! Is the server overloaded? Running 2071ms or 41 ticks behind
[02:06:10] [Server thread/WARN]: Mismatch in destroy block pos: class_2338{x=738, y=59, z=-4440} class_2338{x=738, y=59, z=-4441}
[02:06:19] [Server thread/INFO]: [Not Secure] <Ojas_Kumar> bro has lost it
[02:06:23] [Server thread/WARN]: Mismatch in destroy block pos: class_2338{x=740, y=57, z=-4441} class_2338{x=740, y=59, z=-4441}
[02:06:30] [Server thread/WARN]: Mismatch in destroy block pos: class_2338{x=741, y=57, z=-4441} class_2338{x=741, y=59, z=-4441}
[02:06:32] [Server thread/WARN]: Mismatch in destroy block pos: class_2338{x=742, y=58, z=-4441} class_2338{x=742, y=59, z=-4441}
[02:08:04] [Server thread/INFO]: [Not Secure] <Chubs410> loyalty?
[02:08:28] [Server thread/INFO]: [Not Secure] <Ojas_Kumar> oof
[02:08:32] [Server thread/INFO]: [Not Secure] <BrownNiggar> R.I,P
[02:08:35] [Server thread/INFO]: [Not Secure] <Chubs410> i was bared of my minimum
[02:08:36] [Server thread/INFO]: [Not Secure] <whitehairguy> obedient i guess
[02:08:46] [Server thread/INFO]: [Not Secure] <Ojas_Kumar> SALVE
[02:08:49] [Server thread/INFO]: [Not Secure] <Ojas_Kumar> OH NA
[02:08:53] [Server thread/INFO]: [Not Secure] <Ojas_Kumar> I MISPELLED
[02:08:54] [Server thread/INFO]: [Not Secure] <Ojas_Kumar> FUCK
[02:08:58] [Server thread/INFO]: [Not Secure] <Chubs410> too much future
[02:09:19] [Server thread/INFO]: [Not Secure] <Chubs410> rate house
[02:09:24] [Server thread/INFO]: [Not Secure] <Ojas_Kumar> 10/10
[02:09:24] [Server thread/INFO]: [Not Secure] <Chubs410> current
[02:09:47] [Server thread/WARN]: whitehairguy moved too quickly! -6.658592368469044,2.9999999999999716,7.519542499655472
[02:09:55] [Server thread/WARN]: whitehairguy moved too quickly! -10.225287883500982,-0.07840000152587834,6.084358421206161
[02:09:57] [Server thread/INFO]: [Not Secure] <Chubs410> yes hehehehehehehhe
[02:10:02] [Server thread/INFO]: [Not Secure] <Ojas_Kumar> no
[02:10:34] [Server thread/INFO]: [Not Secure] <Ojas_Kumar> BO
[02:10:35] [Server thread/INFO]: [Not Secure] <Ojas_Kumar> NO
[02:10:40] [Server thread/INFO]: [Not Secure] <Chubs410> oh
[02:10:55] [Server thread/INFO]: [Not Secure] <Ojas_Kumar> bo
[02:10:56] [Server thread/INFO]: whitehairguy lost connection: Disconnected
[02:10:56] [Server thread/INFO]: whitehairguy left the game
[02:11:10] [Server thread/INFO]: [Not Secure] <Ojas_Kumar> YIPPEE
[02:11:13] [Server thread/INFO]: Villager class_1646['Villager'/153830, l='ServerLevel[New World]', x=757.07, y=64.19, z=-4477.26] died, message: 'Villager was slain by Zombie'
[02:11:18] [Server thread/INFO]: [Not Secure] <Ojas_Kumar> no
[02:11:20] [Server thread/INFO]: [Not Secure] <Chubs410> out
[02:11:25] [Server thread/INFO]: Villager class_1646['Villager'/147771, l='ServerLevel[New World]', x=759.15, y=64.19, z=-4477.47] died, message: 'Villager was slain by Zombie'
[02:11:33] [Server thread/INFO]: [Not Secure] <Ojas_Kumar> idhar
[02:11:39] [Server thread/INFO]: whitehairguy[/127.0.0.1:60926] logged in with entity id 163449 at (328.7062992273415, 56.43881255315849, 1315.491120816328)
[02:11:39] [Server thread/INFO]: whitehairguy joined the game
[02:11:39] [Server thread/WARN]: UUID of added entity already exists: class_1684['Thrown Ender Pearl'/163452, l='ServerLevel[New World]', x=995.23, y=63.05, z=250.60]
[02:11:39] [Server thread/WARN]: Failed to spawn player ender pearl in level (ResourceKey[minecraft:dimension / minecraft:overworld]), skipping
[02:11:39] [Server thread/WARN]: UUID of added entity already exists: class_1684['Thrown Ender Pearl'/163453, l='ServerLevel[New World]', x=995.23, y=62.99, z=250.60]
[02:11:39] [Server thread/WARN]: Failed to spawn player ender pearl in level (ResourceKey[minecraft:dimension / minecraft:overworld]), skipping
[02:11:39] [Server thread/WARN]: UUID of added entity already exists: class_1684['Thrown Ender Pearl'/163455, l='ServerLevel[New World]', x=995.36, y=62.95, z=228.38]
[02:11:39] [Server thread/WARN]: Failed to spawn player ender pearl in level (ResourceKey[minecraft:dimension / minecraft:overworld]), skipping
[02:11:39] [Server thread/WARN]: UUID of added entity already exists: class_1684['Thrown Ender Pearl'/163458, l='ServerLevel[New World]', x=1015.40, y=62.95, z=228.49]
[02:11:39] [Server thread/WARN]: Failed to spawn player ender pearl in level (ResourceKey[minecraft:dimension / minecraft:overworld]), skipping
[02:11:39] [Server thread/WARN]: UUID of added entity already exists: class_1684['Thrown Ender Pearl'/163459, l='ServerLevel[New World]', x=1015.69, y=63.10, z=250.50]
[02:11:39] [Server thread/WARN]: Failed to spawn player ender pearl in level (ResourceKey[minecraft:dimension / minecraft:overworld]), skipping
[02:11:39] [Server thread/WARN]: UUID of added entity already exists: class_1684['Thrown Ender Pearl'/163460, l='ServerLevel[New World]', x=721.57, y=63.11, z=551.39]
[02:11:39] [Server thread/WARN]: Failed to spawn player ender pearl in level (ResourceKey[minecraft:dimension / minecraft:overworld]), skipping
[02:11:39] [Server thread/WARN]: UUID of added entity already exists: class_1684['Thrown Ender Pearl'/163461, l='ServerLevel[New World]', x=1015.69, y=63.10, z=250.50]
[02:11:39] [Server thread/WARN]: Failed to spawn player ender pearl in level (ResourceKey[minecraft:dimension / minecraft:overworld]), skipping
[02:12:03] [Server thread/WARN]: whitehairguy moved wrongly!
[02:12:03] [Server thread/WARN]: whitehairguy moved wrongly!
[02:12:04] [Server thread/WARN]: whitehairguy moved wrongly!
[02:12:04] [Server thread/WARN]: whitehairguy moved wrongly!
[02:12:04] [Server thread/WARN]: whitehairguy moved wrongly!
[02:12:05] [Server thread/WARN]: whitehairguy moved wrongly!
[02:12:13] [Server thread/INFO]: [Not Secure] <Ojas_Kumar> NO
[02:12:28] [Server thread/INFO]: BrownNiggar has made the advancement [Crafting a New Look]
[02:13:09] [Server thread/INFO]: [Not Secure] <Ojas_Kumar> dominant
[02:13:25] [Server thread/WARN]: whitehairguy moved too quickly! 2.112690509420645,-0.2336320060424839,-11.408010793043331
[02:13:34] [Server thread/INFO]: [Not Secure] <Chubs410> ew
[02:13:35] [Server thread/WARN]: whitehairguy moved too quickly! 2.1950003177016697,0.0,-11.852463578273955
[02:13:35] [Server thread/WARN]: whitehairguy moved too quickly! 1.829166931418058,0.0,-9.877052981894963
[02:13:46] [Server thread/INFO]: [Not Secure] <Chubs410> that explains the guy interactions
[02:13:48] [Server thread/INFO]: [Not Secure] <BrownNiggar> we listen and we don't judge
[02:13:53] [Server thread/INFO]: Ojas_Kumar lost connection: Disconnected
[02:13:53] [Server thread/INFO]: Ojas_Kumar left the game
[02:14:02] [Server thread/INFO]: Ojas_Kumar[/127.206.192.209:53279] logged in with entity id 165977 at (736.3000000119209, 57.275125, -4441.141531502162)
[02:14:02] [Server thread/INFO]: Ojas_Kumar joined the game
[02:14:13] [Server thread/WARN]: Can't keep up! Is the server overloaded? Running 2000ms or 40 ticks behind
[02:14:26] [Server thread/WARN]: Mismatch in destroy block pos: class_2338{x=738, y=56, z=-4441} class_2338{x=746, y=63, z=-4442}
[02:14:31] [Server thread/WARN]: Can't keep up! Is the server overloaded? Running 3346ms or 66 ticks behind
[02:15:11] [Server thread/WARN]: Can't keep up! Is the server overloaded? Running 2001ms or 40 ticks behind
[02:15:29] [Server thread/WARN]: Can't keep up! Is the server overloaded? Running 2243ms or 44 ticks behind
[02:15:32] [Server thread/INFO]: [Not Secure] <Chubs410> playing it safe
[02:15:49] [Server thread/INFO]: whitehairguy lost connection: Disconnected
[02:15:49] [Server thread/INFO]: whitehairguy left the game
[02:15:55] [Server thread/INFO]: [Not Secure] <Ojas_Kumar> eepy time
[02:16:14] [Server thread/INFO]: [Not Secure] <Chubs410> being noise
[02:16:16] [Server thread/INFO]: [Not Secure] <Chubs410> noisy
[02:16:22] [Server thread/INFO]: whitehairguy[/127.0.0.1:59736] logged in with entity id 167104 at (743.0451596427467, 54.94000847699392, 529.4189943512972)
[02:16:22] [Server thread/INFO]: whitehairguy joined the game
[02:16:22] [Server thread/WARN]: UUID of added entity already exists: class_1684['Thrown Ender Pearl'/167107, l='ServerLevel[New World]', x=1015.69, y=63.31, z=250.50]
[02:16:22] [Server thread/WARN]: Failed to spawn player ender pearl in level (ResourceKey[minecraft:dimension / minecraft:overworld]), skipping
[02:16:22] [Server thread/WARN]: UUID of added entity already exists: class_1684['Thrown Ender Pearl'/167109, l='ServerLevel[New World]', x=721.57, y=63.11, z=551.39]
[02:16:22] [Server thread/WARN]: Failed to spawn player ender pearl in level (ResourceKey[minecraft:dimension / minecraft:overworld]), skipping
[02:16:22] [Server thread/WARN]: UUID of added entity already exists: class_1684['Thrown Ender Pearl'/167110, l='ServerLevel[New World]', x=1015.69, y=63.10, z=250.50]
[02:16:22] [Server thread/WARN]: Failed to spawn player ender pearl in level (ResourceKey[minecraft:dimension / minecraft:overworld]), skipping
[02:16:22] [Server thread/WARN]: UUID of added entity already exists: class_1684['Thrown Ender Pearl'/167112, l='ServerLevel[New World]', x=1015.40, y=62.90, z=228.49]
[02:16:22] [Server thread/WARN]: Failed to spawn player ender pearl in level (ResourceKey[minecraft:dimension / minecraft:overworld]), skipping
[02:16:22] [Server thread/WARN]: UUID of added entity already exists: class_1684['Thrown Ender Pearl'/167114, l='ServerLevel[New World]', x=995.36, y=62.95, z=228.38]
[02:16:22] [Server thread/WARN]: Failed to spawn player ender pearl in level (ResourceKey[minecraft:dimension / minecraft:overworld]), skipping
[02:16:22] [Server thread/WARN]: UUID of added entity already exists: class_1684['Thrown Ender Pearl'/167115, l='ServerLevel[New World]', x=995.23, y=63.05, z=250.60]
[02:16:22] [Server thread/WARN]: Failed to spawn player ender pearl in level (ResourceKey[minecraft:dimension / minecraft:overworld]), skipping
[02:16:22] [Server thread/WARN]: UUID of added entity already exists: class_1684['Thrown Ender Pearl'/167116, l='ServerLevel[New World]', x=995.23, y=62.99, z=250.60]
[02:16:22] [Server thread/WARN]: Failed to spawn player ender pearl in level (ResourceKey[minecraft:dimension / minecraft:overworld]), skipping
[02:16:44] [Server thread/INFO]: [Not Secure] <Ojas_Kumar> rose?
[02:16:50] [Server thread/INFO]: [Not Secure] <Ojas_Kumar> no?
[02:16:52] [Server thread/INFO]: [Not Secure] <Ojas_Kumar> poppy hai
[02:17:59] [Server thread/INFO]: [Not Secure] <Ojas_Kumar> that one itscrestfallen edit
[02:18:04] [Server thread/INFO]: [Not Secure] <Ojas_Kumar> raise your ya ya ya
[02:18:16] [Server thread/WARN]: Mismatch in destroy block pos: class_2338{x=634, y=62, z=-4412} class_2338{x=746, y=63, z=-4440}
[02:18:19] [Server thread/INFO]: [Not Secure] <Chubs410> crestfallen & trensehaj
[02:18:27] [Server thread/INFO]: [Not Secure] <Ojas_Kumar> sayhaj
[02:18:47] [Server thread/INFO]: [Not Secure] <Ojas_Kumar> raghav ne bola
[02:18:49] [Server thread/WARN]: Can't keep up! Is the server overloaded? Running 2021ms or 40 ticks behind
[02:18:57] [Server thread/INFO]: whitehairguy lost connection: Disconnected
[02:18:57] [Server thread/INFO]: whitehairguy left the game
[02:19:07] [Server thread/WARN]: Can't keep up! Is the server overloaded? Running 2841ms or 56 ticks behind
[02:19:13] [Server thread/INFO]: [Not Secure] <Ojas_Kumar> sehaj
[02:19:16] [Server thread/INFO]: [Not Secure] <Ojas_Kumar> bucket dede
[02:19:24] [Server thread/INFO]: [Not Secure] <Ojas_Kumar> stuck
[02:19:27] [Server thread/WARN]: Can't keep up! Is the server overloaded? Running 5498ms or 109 ticks behind
[02:19:47] [Server thread/WARN]: Can't keep up! Is the server overloaded? Running 4997ms or 99 ticks behind
[02:20:01] [Server thread/INFO]: whitehairguy[/127.0.0.1:55324] logged in with entity id 169385 at (742.4431139065458, 59.0, 525.4034044641853)
[02:20:01] [Server thread/INFO]: whitehairguy joined the game
[02:20:01] [Server thread/WARN]: UUID of added entity already exists: class_1684['Thrown Ender Pearl'/169387, l='ServerLevel[New World]', x=1015.69, y=63.31, z=250.50]
[02:20:01] [Server thread/WARN]: Failed to spawn player ender pearl in level (ResourceKey[minecraft:dimension / minecraft:overworld]), skipping
[02:20:01] [Server thread/WARN]: UUID of added entity already exists: class_1684['Thrown Ender Pearl'/169389, l='ServerLevel[New World]', x=1015.69, y=63.10, z=250.50]
[02:20:01] [Server thread/WARN]: Failed to spawn player ender pearl in level (ResourceKey[minecraft:dimension / minecraft:overworld]), skipping
[02:20:01] [Server thread/WARN]: UUID of added entity already exists: class_1684['Thrown Ender Pearl'/169392, l='ServerLevel[New World]', x=721.57, y=63.11, z=551.39]
[02:20:01] [Server thread/WARN]: Failed to spawn player ender pearl in level (ResourceKey[minecraft:dimension / minecraft:overworld]), skipping
[02:20:01] [Server thread/WARN]: UUID of added entity already exists: class_1684['Thrown Ender Pearl'/169394, l='ServerLevel[New World]', x=995.23, y=63.05, z=250.60]
[02:20:01] [Server thread/WARN]: Failed to spawn player ender pearl in level (ResourceKey[minecraft:dimension / minecraft:overworld]), skipping
[02:20:01] [Server thread/WARN]: UUID of added entity already exists: class_1684['Thrown Ender Pearl'/169395, l='ServerLevel[New World]', x=1015.40, y=62.90, z=228.49]
[02:20:01] [Server thread/WARN]: Failed to spawn player ender pearl in level (ResourceKey[minecraft:dimension / minecraft:overworld]), skipping
[02:20:01] [Server thread/WARN]: UUID of added entity already exists: class_1684['Thrown Ender Pearl'/169396, l='ServerLevel[New World]', x=995.36, y=63.09, z=228.38]
[02:20:01] [Server thread/WARN]: Failed to spawn player ender pearl in level (ResourceKey[minecraft:dimension / minecraft:overworld]), skipping
[02:20:01] [Server thread/WARN]: UUID of added entity already exists: class_1684['Thrown Ender Pearl'/169397, l='ServerLevel[New World]', x=995.23, y=62.99, z=250.60]
[02:20:01] [Server thread/WARN]: Failed to spawn player ender pearl in level (ResourceKey[minecraft:dimension / minecraft:overworld]), skipping
[02:21:25] [Server thread/INFO]: [Not Secure] <Ojas_Kumar> bucket
[02:21:31] [Server thread/INFO]: [Not Secure] <Ojas_Kumar> breaking bad
[02:21:32] [Server thread/INFO]: [Not Secure] <Chubs410> make
[02:21:40] [Server thread/INFO]: [Not Secure] <Ojas_Kumar> give dear
[02:21:46] [Server thread/INFO]: [Not Secure] <Ojas_Kumar> need urgent
[02:21:48] [Server thread/INFO]: [Not Secure] <BrownNiggar> from
[02:21:50] [Server thread/INFO]: [Not Secure] <Ojas_Kumar> arigato
[02:21:55] [Server thread/INFO]: [Not Secure] <Ojas_Kumar> KYA?
[02:22:13] [Server thread/INFO]: [Not Secure] <Ojas_Kumar> wharra do
[02:22:26] [Server thread/INFO]: [Not Secure] <Ojas_Kumar> what did i do
[02:22:51] [Server thread/INFO]: [Not Secure] <BrownNiggar> alha hu akbar
[02:22:57] [Server thread/INFO]: [Not Secure] <BrownNiggar> boom
[02:23:08] [Server thread/INFO]: [Not Secure] <Ojas_Kumar> sehaj monday biryani done?
[02:24:30] [Server thread/INFO]: [Not Secure] <Ojas_Kumar> water breathing ig?
[02:24:39] [Server thread/WARN]: Can't keep up! Is the server overloaded? Running 2032ms or 40 ticks behind
[02:24:45] [Server thread/INFO]: [Not Secure] <Ojas_Kumar> wait
[02:24:47] [Server thread/INFO]: [Not Secure] <Ojas_Kumar> agian
[02:24:51] [Server thread/INFO]: [Not Secure] <Ojas_Kumar> agian wow
[02:24:56] [Server thread/WARN]: Can't keep up! Is the server overloaded? Running 2284ms or 45 ticks behind
[02:25:14] [Server thread/WARN]: Can't keep up! Is the server overloaded? Running 2641ms or 52 ticks behind
[02:27:30] [Server thread/INFO]: [Not Secure] <Ojas_Kumar> "ugliness is not on the outside" ~no one
[02:28:09] [Server thread/INFO]: [Not Secure] <Ojas_Kumar> smash or pass at a regular basis
[02:28:20] [Server thread/WARN]: Mismatch in destroy block pos: class_2338{x=720, y=59, z=-4457} class_2338{x=712, y=63, z=-4442}
[02:28:33] [Server thread/WARN]: Mismatch in destroy block pos: class_2338{x=720, y=59, z=-4457} class_2338{x=746, y=63, z=-4442}
[02:29:00] [Server thread/INFO]: [Not Secure] <Ojas_Kumar> too bad
[02:29:38] [Server thread/INFO]: [Not Secure] <Ojas_Kumar> librarian
[02:29:44] [Server thread/WARN]: Can't keep up! Is the server overloaded? Running 2007ms or 40 ticks behind
[02:29:46] [Server thread/INFO]: [Not Secure] <Ojas_Kumar> sells
[02:30:05] [Server thread/WARN]: Can't keep up! Is the server overloaded? Running 6326ms or 126 ticks behind
[02:30:13] [Server thread/INFO]: [Not Secure] <whitehairguy> something like that
[02:30:23] [Server thread/WARN]: Can't keep up! Is the server overloaded? Running 2604ms or 52 ticks behind
[02:31:08] [Server thread/WARN]: Can't keep up! Is the server overloaded? Running 2013ms or 40 ticks behind
[02:31:30] [Server thread/WARN]: Can't keep up! Is the server overloaded? Running 2029ms or 40 ticks behind
[02:31:32] [Server thread/INFO]: [Not Secure] <Ojas_Kumar> tirali
[02:31:51] [Server thread/WARN]: Can't keep up! Is the server overloaded? Running 6934ms or 138 ticks behind
[02:32:11] [Server thread/WARN]: Can't keep up! Is the server overloaded? Running 4883ms or 97 ticks behind
[02:32:30] [Server thread/WARN]: Can't keep up! Is the server overloaded? Running 3572ms or 71 ticks behind
[02:33:36] [Server thread/INFO]: [Not Secure] <Ojas_Kumar> why do you have a layover? if you dont mind me asking
[02:33:50] [Server thread/INFO]: [Not Secure] <Ojas_Kumar> achaaaa
[02:34:00] [Server thread/INFO]: [Not Secure] <Ojas_Kumar> yea man
[02:34:30] [Server thread/WARN]: Can't keep up! Is the server overloaded? Running 2021ms or 40 ticks behind
[02:36:27] [Server thread/WARN]: whitehairguy moved wrongly!
[02:36:44] [Server thread/WARN]: Chubs410 moved too quickly! 8.968077851804082,-1.495200877005928,-4.573906489409637
[02:36:49] [Server thread/INFO]: [Not Secure] <Ojas_Kumar> desperate need of iron
[02:37:05] [Server thread/INFO]: [Not Secure] <Ojas_Kumar> can i ask for them
[02:37:10] [Server thread/WARN]: Chubs410 moved too quickly! -3.2685277353335778,0.5,9.69160222515518
[02:37:10] [Server thread/WARN]: Can't keep up! Is the server overloaded? Running 2023ms or 40 ticks behind
[02:37:25] [Server thread/INFO]: [Not Secure] <Ojas_Kumar> ill give you back double in 4-5 business days
[02:37:27] [Server thread/WARN]: Can't keep up! Is the server overloaded? Running 2223ms or 44 ticks behind
[02:37:35] [Server thread/INFO]: [Not Secure] <Ojas_Kumar> triple even
[02:37:48] [Server thread/INFO]: [Not Secure] <Ojas_Kumar> come to our base
[02:38:42] [Server thread/INFO]: [Not Secure] <Ojas_Kumar> umm
[02:38:45] [Server thread/INFO]: [Not Secure] <Ojas_Kumar> sehaj ko dedo
[02:40:13] [Server thread/WARN]: whitehairguy moved too quickly! -9.894189074969972,2.9999999999999716,0.72603210352122
[02:40:15] [Server thread/WARN]: Can't keep up! Is the server overloaded? Running 2005ms or 40 ticks behind
[02:40:19] [Server thread/INFO]: BrownNiggar was smashed by whitehairguy
[02:40:31] [Server thread/INFO]: [Not Secure] <Ojas_Kumar> smash me
[02:41:24] [Server thread/INFO]: [Not Secure] <Ojas_Kumar> be the bigger man raghav
[02:41:36] [Server thread/INFO]: [Not Secure] <Ojas_Kumar> dont repeat his wrong doings
[02:41:55] [Server thread/INFO]: [Not Secure] <Ojas_Kumar> punch*
[02:42:32] [Server thread/WARN]: Mismatch in destroy block pos: class_2338{x=757, y=63, z=-4478} class_2338{x=890, y=93, z=-4597}
[02:43:55] [Server thread/WARN]: Can't keep up! Is the server overloaded? Running 2007ms or 40 ticks behind
[02:44:17] [Server thread/WARN]: Can't keep up! Is the server overloaded? Running 7217ms or 144 ticks behind
[02:44:21] [Server thread/INFO]: [Not Secure] <Ojas_Kumar> ghast
[02:44:34] [Server thread/INFO]: [Not Secure] <Ojas_Kumar> shutyobitchassup
[02:44:35] [Server thread/WARN]: Can't keep up! Is the server overloaded? Running 2272ms or 45 ticks behind
[02:44:43] [Server thread/INFO]: [Not Secure] <whitehairguy> NO
[02:44:48] [Server thread/INFO]: [Not Secure] <Ojas_Kumar> >:(
[02:44:52] [Server thread/WARN]: Can't keep up! Is the server overloaded? Running 2414ms or 48 ticks behind
[02:45:03] [Server thread/INFO]: [Not Secure] <Ojas_Kumar> YES
[02:45:09] [Server thread/INFO]: [Not Secure] <Ojas_Kumar> proud dad
[02:45:13] [Server thread/WARN]: Can't keep up! Is the server overloaded? Running 2047ms or 40 ticks behind
[02:45:18] [Server thread/INFO]: [Not Secure] <BrownNiggar> explaimn
[02:45:30] [Server thread/INFO]: [Not Secure] <whitehairguy> that you couldnt live without her
[02:45:32] [Server thread/WARN]: Can't keep up! Is the server overloaded? Running 2003ms or 40 ticks behind
[02:45:37] [Server thread/INFO]: [Not Secure] <BrownNiggar> don't you forgive her if you love her?
[02:45:42] [Server thread/INFO]: [Not Secure] <whitehairguy> doesnt it ache your heart
[02:45:48] [Server thread/INFO]: [Not Secure] <Ojas_Kumar> but shes happy with chirag now
[02:45:55] [Server thread/INFO]: [Not Secure] <BrownNiggar> XD
[02:45:59] [Server thread/INFO]: [Not Secure] <whitehairguy> wtf
[02:46:07] [Server thread/INFO]: [Not Secure] <Ojas_Kumar> his ex
[02:46:08] [Server thread/INFO]: [Not Secure] <BrownNiggar> was that intentional ?
[02:46:10] [Server thread/INFO]: [Not Secure] <whitehairguy> sehaj speak
[02:46:18] [Server thread/WARN]: Can't keep up! Is the server overloaded? Running 2000ms or 40 ticks behind
[02:46:20] [Server thread/INFO]: [Not Secure] <Ojas_Kumar> uh
[02:46:28] [Server thread/INFO]: [Not Secure] <Ojas_Kumar> i did not mean to offend
[02:46:30] [Server thread/INFO]: [Not Secure] <whitehairguy> that was foul play
[02:46:32] [Server thread/INFO]: [Not Secure] <Ojas_Kumar> mb gng
[02:46:37] [Server thread/INFO]: [Not Secure] <Ojas_Kumar> fr i am sorry
[02:46:40] [Server thread/INFO]: [Not Secure] <BrownNiggar> friendly fire
[02:46:44] [Server thread/WARN]: Can't keep up! Is the server overloaded? Running 2007ms or 40 ticks behind
[02:46:46] [Server thread/INFO]: [Not Secure] <whitehairguy> bro lied about moving on
[02:46:46] [Server thread/INFO]: [Not Secure] <Chubs410> so is your girl with 5 other dudes
[02:47:08] [Server thread/WARN]: Can't keep up! Is the server overloaded? Running 2017ms or 40 ticks behind
[02:47:13] [Server thread/INFO]: [Not Secure] <Ojas_Kumar> fun fact: they're her juniors
[02:47:19] [Server thread/INFO]: [Not Secure] <whitehairguy> but
[02:47:23] [Server thread/INFO]: [Not Secure] <whitehairguy> dont want to interrupt
[02:47:26] [Server thread/INFO]: [Not Secure] <Ojas_Kumar> and they work for her
[02:47:32] [Server thread/INFO]: [Not Secure] <Ojas_Kumar> marketing
[02:47:32] [Server thread/INFO]: [Not Secure] <whitehairguy> my ex got with her junior
[02:47:58] [Server thread/WARN]: Can't keep up! Is the server overloaded? Running 2002ms or 40 ticks behind
[02:48:12] [Server thread/INFO]: [Not Secure] <Ojas_Kumar> yummy
[02:48:15] [Server thread/INFO]: [Not Secure] <BrownNiggar> what>>!!!!!!!!!!!!!!!!!!!!!!!!!!!!!
[02:48:18] [Server thread/WARN]: Can't keep up! Is the server overloaded? Running 5090ms or 101 ticks behind
[02:48:26] [Server thread/INFO]: [Not Secure] <BrownNiggar> you chocked bro without even touching
[02:48:38] [Server thread/WARN]: Can't keep up! Is the server overloaded? Running 5059ms or 101 ticks behind
[02:48:52] [Server thread/INFO]: [Not Secure] <whitehairguy> ayo ojas and sehaj?
[02:48:59] [Server thread/INFO]: [Not Secure] <Ojas_Kumar> mhm?
[02:49:00] [Server thread/INFO]: [Not Secure] <BrownNiggar> story time
[02:49:02] [Server thread/INFO]: [Not Secure] <whitehairguy> all fine?
[02:49:04] [Server thread/WARN]: Can't keep up! Is the server overloaded? Running 2000ms or 40 ticks behind
[02:49:08] [Server thread/INFO]: [Not Secure] <whitehairguy> e girlfriend
[02:49:08] [Server thread/INFO]: [Not Secure] <Ojas_Kumar> i am
[02:49:19] [Server thread/INFO]: [Not Secure] <whitehairguy> damn
[02:49:26] [Server thread/INFO]: [Not Secure] <whitehairguy> you have werid people
[02:49:26] [Server thread/WARN]: Can't keep up! Is the server overloaded? Running 2000ms or 40 ticks behind
[02:49:33] [Server thread/INFO]: [Not Secure] <BrownNiggar> post nut clarity hitting hard
[02:50:04] [Server thread/WARN]: Can't keep up! Is the server overloaded? Running 2000ms or 40 ticks behind
[02:50:11] [Server thread/INFO]: [Not Secure] <Ojas_Kumar> nope
[02:50:25] [Server thread/WARN]: Can't keep up! Is the server overloaded? Running 2003ms or 40 ticks behind
[02:50:26] [Server thread/WARN]: Chubs410 moved too quickly! -1.1829029872575347,1.252203340253729,9.953777578786685
[02:50:26] [Server thread/INFO]: [Not Secure] <Chubs410> yes
[02:50:28] [Server thread/INFO]: [Not Secure] <Chubs410> locked in
[02:50:42] [Server thread/WARN]: Can't keep up! Is the server overloaded? Running 2007ms or 40 ticks behind
[02:50:44] [Server thread/INFO]: [Not Secure] <whitehairguy> nope
[02:50:44] [Server thread/INFO]: [Not Secure] <Chubs410> no
[02:50:46] [Server thread/INFO]: [Not Secure] <whitehairguy> just one
[02:50:47] [Server thread/INFO]: [Not Secure] <Ojas_Kumar> no
[02:50:52] [Server thread/INFO]: [Not Secure] <Chubs410> only one other s/o, shes canadian
[02:51:03] [Server thread/INFO]: [Not Secure] <Chubs410> we still talk
[02:51:09] [Server thread/WARN]: Can't keep up! Is the server overloaded? Running 2014ms or 40 ticks behind
[02:51:12] [Server thread/INFO]: [Not Secure] <Ojas_Kumar> s/o ka mtlb?
[02:51:17] [Server thread/INFO]: [Not Secure] <Ojas_Kumar> acha
[02:51:41] [Server thread/INFO]: [Not Secure] <Chubs410> shes lovely lol its been 5 years now
[02:51:42] [Server thread/INFO]: [Not Secure] <whitehairguy> nope
[02:51:59] [Server thread/INFO]: [Not Secure] <whitehairguy> i got into college jb woh hua
[02:52:04] [Server thread/WARN]: Can't keep up! Is the server overloaded? Running 2002ms or 40 ticks behind
[02:52:10] [Server thread/INFO]: [Not Secure] <whitehairguy> but she broke up with him
[02:52:14] [Server thread/INFO]: [Not Secure] <whitehairguy> she realised
[02:52:18] [Server thread/INFO]: Villager class_1646['Villager'/185046, l='ServerLevel[New World]', x=737.70, y=57.56, z=-4457.46] died, message: 'Villager was slain by Zombie'
[02:52:19] [Server thread/INFO]: [Not Secure] <whitehairguy> and even told me that
[02:52:24] [Server thread/INFO]: Villager class_1646['Villager'/185043, l='ServerLevel[New World]', x=736.30, y=57.56, z=-4456.53] died, message: 'Villager was slain by Zombie'
[02:52:25] [Server thread/INFO]: Villager class_1646['Fisherman'/185042, l='ServerLevel[New World]', x=737.70, y=57.56, z=-4456.30] died, message: 'Fisherman was slain by Zombie'
[02:52:28] [Server thread/WARN]: Can't keep up! Is the server overloaded? Running 2000ms or 40 ticks behind
[02:52:30] [Server thread/INFO]: [Not Secure] <whitehairguy> he wasnt good enough
[02:52:33] [Server thread/INFO]: [Not Secure] <whitehairguy> beat her
[02:52:47] [Server thread/WARN]: Mismatch in destroy block pos: class_2338{x=738, y=54, z=-4458} class_2338{x=738, y=56, z=-4457}
[02:52:50] [Server thread/INFO]: [Not Secure] <whitehairguy> explains your interactions
[02:53:04] [Server thread/WARN]: Can't keep up! Is the server overloaded? Running 2002ms or 40 ticks behind
[02:54:20] [Server thread/INFO]: BrownNiggar lost connection: You logged in from another location
[02:54:20] [Server thread/INFO]: BrownNiggar left the game
[02:54:21] [Server thread/INFO]: BrownNiggar[/127.43.231.74:48471] logged in with entity id 195610 at (453.5339966278356, 15.0, 37.893957598102425)
[02:54:21] [Server thread/INFO]: BrownNiggar joined the game
[02:54:51] [Server thread/WARN]: Can't keep up! Is the server overloaded? Running 2005ms or 40 ticks behind
[02:55:21] [Server thread/INFO]: Ojas_Kumar lost connection: Timed out
[02:55:21] [Server thread/INFO]: Ojas_Kumar left the game
[02:55:36] [Server thread/INFO]: Chubs410 lost connection: Timed out
[02:55:36] [Server thread/INFO]: Chubs410 left the game
[02:55:36] [Server thread/INFO]: BrownNiggar lost connection: Timed out
[02:55:36] [Server thread/INFO]: BrownNiggar left the game
[02:55:52] [Server thread/INFO]: MiffMoff lost connection: Timed out
[02:55:52] [Server thread/INFO]: MiffMoff left the game
[02:57:07] [Server thread/INFO]: BrownNiggar[/127.159.163.39:35495] logged in with entity id 197094 at (441.39788430001227, 15.0, 115.59197802427552)
[02:57:07] [Server thread/INFO]: BrownNiggar joined the game
[02:57:12] [Server thread/INFO]: Chubs410[/127.139.218.78:34357] logged in with entity id 197662 at (676.1961129863769, 64.0, -4410.349931262193)
[02:57:12] [Server thread/INFO]: Chubs410 joined the game
[02:57:16] [Server thread/INFO]: MiffMoff[/127.151.163.75:46833] logged in with entity id 197888 at (715.4483754506543, 54.0, 524.4886079541221)
[02:57:16] [Server thread/INFO]: MiffMoff joined the game
[02:59:10] [Server thread/WARN]: Mismatch in destroy block pos: class_2338{x=437, y=13, z=198} class_2338{x=435, y=13, z=197}
[02:59:25] [Server thread/INFO]: Ojas_Kumar[/127.43.231.74:58393] logged in with entity id 199550 at (742.4052033524019, 57.0, -4461.064391121721)
[02:59:25] [Server thread/INFO]: Ojas_Kumar joined the game
[03:00:08] [Server thread/WARN]: Can't keep up! Is the server overloaded? Running 2033ms or 40 ticks behind
[03:00:23] [Server thread/INFO]: MiffMoff lost connection: Disconnected
[03:00:23] [Server thread/INFO]: MiffMoff left the game
[03:00:35] [Server thread/WARN]: Mismatch in destroy block pos: class_2338{x=744, y=51, z=-4468} class_2338{x=746, y=53, z=-4467}
[03:01:12] [Server thread/INFO]: [Not Secure] <Ojas_Kumar> this fag game
[03:01:20] [Server thread/INFO]: [Not Secure] <Ojas_Kumar> all my villagers are now zillagers
[03:01:21] [Server thread/INFO]: [Not Secure] <whitehairguy> fag stands for
[03:01:25] [Server thread/INFO]: [Not Secure] <Ojas_Kumar> faggot
[03:01:45] [Server thread/INFO]: [Not Secure] <whitehairguy> all my smpathies sir
[03:02:32] [Server thread/INFO]: [Not Secure] <Ojas_Kumar> no?
[03:02:49] [Server thread/INFO]: [Not Secure] <Ojas_Kumar> batman
[03:02:56] [Server thread/INFO]: [Not Secure] <Ojas_Kumar> corny aah
[03:02:59] [Server thread/WARN]: Mismatch in destroy block pos: class_2338{x=734, y=47, z=-4451} class_2338{x=732, y=49, z=-4449}
[03:03:08] [Server thread/WARN]: Mismatch in destroy block pos: class_2338{x=734, y=47, z=-4450} class_2338{x=735, y=49, z=-4451}
[03:03:14] [Server thread/INFO]: [Not Secure] <Ojas_Kumar> hota hai
[03:03:19] [Server thread/INFO]: [Not Secure] <Ojas_Kumar> offers more prot
[03:03:25] [Server thread/WARN]: Mismatch in destroy block pos: class_2338{x=734, y=47, z=-4450} class_2338{x=736, y=50, z=-4450}
[03:03:33] [Server thread/WARN]: Mismatch in destroy block pos: class_2338{x=734, y=47, z=-4450} class_2338{x=735, y=50, z=-4452}
[03:04:16] [Server thread/WARN]: Mismatch in destroy block pos: class_2338{x=737, y=50, z=-4454} class_2338{x=738, y=54, z=-4456}
[03:05:36] [Server thread/WARN]: Can't keep up! Is the server overloaded? Running 2011ms or 40 ticks behind
[03:06:20] [Server thread/WARN]: Can't keep up! Is the server overloaded? Running 2004ms or 40 ticks behind
[03:06:37] [Server thread/WARN]: Can't keep up! Is the server overloaded? Running 2221ms or 44 ticks behind
[03:07:05] [Server thread/WARN]: Can't keep up! Is the server overloaded? Running 2012ms or 40 ticks behind
[03:09:27] [Server thread/INFO]: MiffMoff[/127.151.163.75:57723] logged in with entity id 207072 at (709.8595565099527, 57.55955886913638, 523.5586164326802)
[03:09:27] [Server thread/INFO]: MiffMoff joined the game
[03:10:28] [Server thread/INFO]: [Not Secure] <Ojas_Kumar> iron laya?
[03:10:39] [Server thread/INFO]: [Not Secure] <Chubs410> yea
[03:10:56] [Server thread/INFO]: [Not Secure] <Chubs410> in chest
[03:11:28] [Server thread/INFO]: BrownNiggar lost connection: Disconnected
[03:11:28] [Server thread/INFO]: BrownNiggar left the game
[03:11:38] [Server thread/INFO]: [Not Secure] <Chubs410> yes
[03:13:05] [Server thread/WARN]: Mismatch in destroy block pos: class_2338{x=730, y=58, z=-4450} class_2338{x=729, y=58, z=-4449}
[03:14:44] [Server thread/INFO]: whitehairguy lost connection: Disconnected
[03:14:44] [Server thread/INFO]: whitehairguy left the game
[03:15:33] [Server thread/WARN]: Mismatch in destroy block pos: class_2338{x=728, y=44, z=-4450} class_2338{x=729, y=44, z=-4448}
[03:16:36] [Server thread/INFO]: [Not Secure] <Chubs410> yea
[03:16:39] [Server thread/INFO]: [Not Secure] <Chubs410> good movie
[03:17:35] [Server thread/INFO]: [Not Secure] <Ojas_Kumar> valid
[03:18:08] [Server thread/INFO]: [Not Secure] <Ojas_Kumar> jatt dont care
[03:18:39] [Server thread/INFO]: [Not Secure] <Ojas_Kumar> BAHAHAHAHAH
[03:18:54] [Server thread/INFO]: [Not Secure] <Ojas_Kumar> no
[03:19:56] [Server thread/INFO]: whitehairguy[/127.0.0.1:48262] logged in with entity id 211614 at (737.3092715180254, 87.0, 581.0074189128778)
[03:19:56] [Server thread/INFO]: whitehairguy joined the game
[03:19:56] [Server thread/WARN]: UUID of added entity already exists: class_1684['Thrown Ender Pearl'/211619, l='ServerLevel[New World]', x=995.36, y=63.09, z=228.38]
[03:19:56] [Server thread/WARN]: Failed to spawn player ender pearl in level (ResourceKey[minecraft:dimension / minecraft:overworld]), skipping
[03:19:56] [Server thread/WARN]: UUID of added entity already exists: class_1684['Thrown Ender Pearl'/211620, l='ServerLevel[New World]', x=995.23, y=62.99, z=250.60]
[03:19:56] [Server thread/WARN]: Failed to spawn player ender pearl in level (ResourceKey[minecraft:dimension / minecraft:overworld]), skipping
[03:19:56] [Server thread/WARN]: UUID of added entity already exists: class_1684['Thrown Ender Pearl'/211622, l='ServerLevel[New World]', x=1015.69, y=63.31, z=250.50]
[03:19:56] [Server thread/WARN]: Failed to spawn player ender pearl in level (ResourceKey[minecraft:dimension / minecraft:overworld]), skipping
[03:19:56] [Server thread/WARN]: UUID of added entity already exists: class_1684['Thrown Ender Pearl'/211623, l='ServerLevel[New World]', x=995.23, y=63.09, z=250.60]
[03:19:56] [Server thread/WARN]: Failed to spawn player ender pearl in level (ResourceKey[minecraft:dimension / minecraft:overworld]), skipping
[03:19:56] [Server thread/WARN]: UUID of added entity already exists: class_1684['Thrown Ender Pearl'/211624, l='ServerLevel[New World]', x=721.57, y=63.06, z=551.39]
[03:19:56] [Server thread/WARN]: Failed to spawn player ender pearl in level (ResourceKey[minecraft:dimension / minecraft:overworld]), skipping
[03:19:56] [Server thread/WARN]: UUID of added entity already exists: class_1684['Thrown Ender Pearl'/211625, l='ServerLevel[New World]', x=1015.40, y=62.96, z=228.49]
[03:19:56] [Server thread/WARN]: Failed to spawn player ender pearl in level (ResourceKey[minecraft:dimension / minecraft:overworld]), skipping
[03:19:56] [Server thread/WARN]: UUID of added entity already exists: class_1684['Thrown Ender Pearl'/211626, l='ServerLevel[New World]', x=1015.69, y=63.10, z=250.50]
[03:19:56] [Server thread/WARN]: Failed to spawn player ender pearl in level (ResourceKey[minecraft:dimension / minecraft:overworld]), skipping
[03:20:00] [Server thread/INFO]: [Not Secure] <Ojas_Kumar> hello dear
[03:20:13] [Server thread/INFO]: BrownNiggar[/127.43.231.74:53705] logged in with entity id 211722 at (703.1335464814562, 50.0, 530.0986379461801)
[03:20:13] [Server thread/INFO]: BrownNiggar joined the game
[03:20:15] [Server thread/WARN]: Mismatch in destroy block pos: class_2338{x=724, y=63, z=-4449} class_2338{x=723, y=63, z=-4449}
[03:22:34] [Server thread/INFO]: [Not Secure] <Ojas_Kumar> ayo?
[03:23:17] [Server thread/INFO]: [Not Secure] <Chubs410> i invite you brown nigger to ours
[03:24:30] [Server thread/INFO]: Ojas_Kumar lost connection: Disconnected
[03:24:30] [Server thread/INFO]: Ojas_Kumar left the game
[03:24:40] [Server thread/INFO]: Ojas_Kumar[/127.43.231.74:52759] logged in with entity id 214237 at (91.13847041424609, 39.786366231183976, 22.86858958710697)
[03:24:40] [Server thread/INFO]: Ojas_Kumar joined the game
[03:25:00] [Server thread/INFO]: [Not Secure] <Chubs410> wow
[03:25:06] [Server thread/INFO]: MiffMoff lost connection: Disconnected
[03:25:06] [Server thread/INFO]: MiffMoff left the game
[03:25:43] [Server thread/WARN]: BrownNiggar moved wrongly!
[03:25:45] [Server thread/INFO]: BrownNiggar lost connection: Disconnected
[03:25:45] [Server thread/INFO]: BrownNiggar left the game
[03:26:16] [Server thread/INFO]: BrownNiggar[/127.139.218.78:55607] logged in with entity id 216055 at (94.24323537257021, 65.10433641929926, -416.54649545912423)
[03:26:16] [Server thread/INFO]: BrownNiggar joined the game
[03:26:19] [Server thread/INFO]: BrownNiggar lost connection: Disconnected
[03:26:19] [Server thread/INFO]: BrownNiggar left the game
[03:26:28] [Server thread/INFO]: BrownNiggar[/127.139.218.78:59483] logged in with entity id 216192 at (93.30000001192093, 66.0, -417.69999998807907)
[03:26:28] [Server thread/INFO]: BrownNiggar joined the game
[03:26:40] [Server thread/INFO]: [Not Secure] <Chubs410> rate
[03:27:15] [Server thread/INFO]: Rad1108[/127.135.173.133:49925] logged in with entity id 216683 at (812.8403397447231, 63.0, 496.88399406899964)
[03:27:15] [Server thread/INFO]: Rad1108 joined the game
[03:28:02] [Server thread/INFO]: [Not Secure] <Chubs410> mega toh nahi hai ye
[03:28:09] [Server thread/INFO]: [Not Secure] <Chubs410> its taking time because of material shortage
[03:28:55] [Server thread/INFO]: [Not Secure] <Chubs410> build that sid
[03:29:34] [Server thread/WARN]: Can't keep up! Is the server overloaded? Running 2016ms or 40 ticks behind
[03:30:20] [Server thread/INFO]: [Not Secure] <Ojas_Kumar> food dedo if anyone at home
[03:30:31] [Server thread/INFO]: [Not Secure] <Ojas_Kumar> rad
[03:30:41] [Server thread/INFO]: [Not Secure] <Ojas_Kumar> food pls
[03:32:08] [Server thread/WARN]: Can't keep up! Is the server overloaded? Running 2000ms or 40 ticks behind
[03:32:25] [Server thread/INFO]: [Not Secure] <Ojas_Kumar> village
[03:35:48] [Server thread/WARN]: Can't keep up! Is the server overloaded? Running 2012ms or 40 ticks behind
[03:36:06] [Server thread/WARN]: Can't keep up! Is the server overloaded? Running 2971ms or 59 ticks behind
[03:36:24] [Server thread/WARN]: Can't keep up! Is the server overloaded? Running 2459ms or 49 ticks behind
[03:37:09] [Server thread/INFO]: [Not Secure] <Ojas_Kumar> no
[03:37:31] [Server thread/INFO]: [Not Secure] <Ojas_Kumar> yes
[03:37:33] [Server thread/INFO]: [Not Secure] <Ojas_Kumar> pretty
[03:38:05] [Server thread/WARN]: Can't keep up! Is the server overloaded? Running 2009ms or 40 ticks behind
[03:38:25] [Server thread/WARN]: Can't keep up! Is the server overloaded? Running 2013ms or 40 ticks behind
[03:38:42] [Server thread/WARN]: Can't keep up! Is the server overloaded? Running 2007ms or 40 ticks behind
[03:38:47] [Server thread/INFO]: BrownNiggar lost connection: Disconnected
[03:38:47] [Server thread/INFO]: BrownNiggar left the game
[03:40:59] [Server thread/WARN]: Can't keep up! Is the server overloaded? Running 2011ms or 40 ticks behind
[03:41:16] [Server thread/WARN]: Can't keep up! Is the server overloaded? Running 2307ms or 46 ticks behind
[03:41:37] [Server thread/WARN]: Can't keep up! Is the server overloaded? Running 6285ms or 125 ticks behind
[03:41:52] [Server thread/INFO]: Villager class_1646['Villager'/227659, l='ServerLevel[New World]', x=891.24, y=94.19, z=-4594.83] died, message: 'Villager was slain by Ojas_Kumar'
[03:41:52] [Server thread/INFO]: [Not Secure] <Rad1108> gonna make slime for sugarcane farm
[03:42:02] [Server thread/WARN]: Can't keep up! Is the server overloaded? Running 2027ms or 40 ticks behind
[03:42:24] [Server thread/WARN]: Can't keep up! Is the server overloaded? Running 6586ms or 131 ticks behind
[03:42:41] [Server thread/WARN]: Can't keep up! Is the server overloaded? Running 2000ms or 40 ticks behind
[03:42:58] [Server thread/INFO]: [Not Secure] <Rad1108> 3 din pehle update aya tha
[03:42:58] [Server thread/WARN]: Can't keep up! Is the server overloaded? Running 2043ms or 40 ticks behind
[03:43:32] [Server thread/INFO]: [Not Secure] <Rad1108> ys
[03:43:32] [Server thread/WARN]: Mismatch in destroy block pos: class_2338{x=737, y=57, z=-4456} class_2338{x=736, y=64, z=-4459}
[03:43:46] [Server thread/WARN]: Can't keep up! Is the server overloaded? Running 2001ms or 40 ticks behind
[03:44:08] [Server thread/WARN]: Can't keep up! Is the server overloaded? Running 7439ms or 148 ticks behind
[03:44:30] [Server thread/WARN]: Can't keep up! Is the server overloaded? Running 7042ms or 140 ticks behind
[03:44:53] [Server thread/WARN]: Can't keep up! Is the server overloaded? Running 7389ms or 147 ticks behind
[03:44:57] [Server thread/INFO]: [Not Secure] <Rad1108> bro can you lend me blaze rod and nether warts?
[03:45:12] [Server thread/WARN]: Can't keep up! Is the server overloaded? Running 2001ms or 40 ticks behind
[03:45:38] [Server thread/WARN]: Can't keep up! Is the server overloaded? Running 2001ms or 40 ticks behind
[03:45:52] [Server thread/INFO]: Rad1108 has made the advancement [Into Fire]
[03:46:48] [Server thread/WARN]: Can't keep up! Is the server overloaded? Running 2004ms or 40 ticks behind
[03:48:40] [Server thread/WARN]: Can't keep up! Is the server overloaded? Running 2004ms or 40 ticks behind
[03:48:57] [Server thread/WARN]: Can't keep up! Is the server overloaded? Running 2570ms or 51 ticks behind
[03:49:21] [Server thread/WARN]: Can't keep up! Is the server overloaded? Running 2004ms or 40 ticks behind
[03:49:55] [Server thread/WARN]: Can't keep up! Is the server overloaded? Running 2007ms or 40 ticks behind
[03:50:12] [Server thread/WARN]: Can't keep up! Is the server overloaded? Running 2138ms or 42 ticks behind
[03:50:29] [Server thread/WARN]: Can't keep up! Is the server overloaded? Running 2179ms or 43 ticks behind
[03:50:49] [Server thread/WARN]: Can't keep up! Is the server overloaded? Running 4347ms or 86 ticks behind
[03:51:14] [Server thread/INFO]: [Not Secure] <Rad1108> what?
[03:51:30] [Server thread/WARN]: Can't keep up! Is the server overloaded? Running 2006ms or 40 ticks behind
[03:51:51] [Server thread/WARN]: Can't keep up! Is the server overloaded? Running 6768ms or 135 ticks behind
[03:52:09] [Server thread/WARN]: Can't keep up! Is the server overloaded? Running 2744ms or 54 ticks behind
[03:52:31] [Server thread/WARN]: Can't keep up! Is the server overloaded? Running 7109ms or 142 ticks behind
[03:52:49] [Server thread/WARN]: Can't keep up! Is the server overloaded? Running 2853ms or 57 ticks behind
[03:53:09] [Server thread/WARN]: Can't keep up! Is the server overloaded? Running 2003ms or 40 ticks behind
[03:53:27] [Server thread/WARN]: Can't keep up! Is the server overloaded? Running 2248ms or 44 ticks behind
[03:53:49] [Server thread/WARN]: Can't keep up! Is the server overloaded? Running 2046ms or 40 ticks behind
[03:54:14] [Server thread/WARN]: Can't keep up! Is the server overloaded? Running 9912ms or 198 ticks behind
[03:54:37] [Server thread/WARN]: Can't keep up! Is the server overloaded? Running 8127ms or 162 ticks behind
[03:54:59] [Server thread/WARN]: Can't keep up! Is the server overloaded? Running 6752ms or 135 ticks behind
[03:55:19] [Server thread/WARN]: Can't keep up! Is the server overloaded? Running 5954ms or 119 ticks behind
[03:55:40] [Server thread/WARN]: Can't keep up! Is the server overloaded? Running 5683ms or 113 ticks behind
[03:55:58] [Server thread/WARN]: Can't keep up! Is the server overloaded? Running 3079ms or 61 ticks behind
[03:56:18] [Server thread/WARN]: Can't keep up! Is the server overloaded? Running 4354ms or 87 ticks behind
[03:56:39] [Server thread/WARN]: Can't keep up! Is the server overloaded? Running 6821ms or 136 ticks behind
[03:56:51] [Server thread/INFO]: Villager class_1646['Villager'/235037, l='ServerLevel[New World]', x=885.99, y=93.19, z=-4595.59] died, message: 'Villager was slain by Ojas_Kumar'
[03:57:01] [Server thread/WARN]: Can't keep up! Is the server overloaded? Running 6612ms or 132 ticks behind
[03:57:22] [Server thread/WARN]: Can't keep up! Is the server overloaded? Running 6190ms or 123 ticks behind
[03:57:49] [Server thread/WARN]: Can't keep up! Is the server overloaded? Running 2009ms or 40 ticks behind
[03:58:08] [Server thread/WARN]: Can't keep up! Is the server overloaded? Running 4016ms or 80 ticks behind
[03:58:28] [Server thread/WARN]: Can't keep up! Is the server overloaded? Running 5397ms or 107 ticks behind
[03:59:02] [Server thread/WARN]: Can't keep up! Is the server overloaded? Running 18715ms or 374 ticks behind
[03:59:19] [Server thread/WARN]: Can't keep up! Is the server overloaded? Running 2080ms or 41 ticks behind
[03:59:38] [Server thread/INFO]: Villager class_1646['Villager'/235028, l='ServerLevel[New World]', x=883.32, y=92.19, z=-4586.36] died, message: 'Villager was slain by Ojas_Kumar'
[04:03:22] [Server thread/WARN]: Can't keep up! Is the server overloaded? Running 2004ms or 40 ticks behind
[04:03:39] [Server thread/WARN]: Can't keep up! Is the server overloaded? Running 2001ms or 40 ticks behind
[04:05:04] [Server thread/WARN]: Can't keep up! Is the server overloaded? Running 2009ms or 40 ticks behind
[04:05:11] [Server thread/INFO]: [Not Secure] <Ojas_Kumar> hot ait balloon hai toh
[04:05:14] [Server thread/INFO]: [Not Secure] <Ojas_Kumar> air
[04:05:33] [Server thread/INFO]: [Not Secure] <Ojas_Kumar> achaa
[04:05:37] [Server thread/WARN]: Can't keep up! Is the server overloaded? Running 2012ms or 40 ticks behind
[04:05:59] [Server thread/WARN]: Can't keep up! Is the server overloaded? Running 2009ms or 40 ticks behind
[04:06:17] [Server thread/WARN]: Can't keep up! Is the server overloaded? Running 3724ms or 74 ticks behind
[04:06:38] [Server thread/WARN]: Can't keep up! Is the server overloaded? Running 2026ms or 40 ticks behind
[04:06:56] [Server thread/WARN]: Can't keep up! Is the server overloaded? Running 2798ms or 55 ticks behind
[04:07:14] [Server thread/WARN]: Can't keep up! Is the server overloaded? Running 2983ms or 59 ticks behind
[04:07:23] [Server thread/WARN]: Mismatch in destroy block pos: class_2338{x=745, y=52, z=-4439} class_2338{x=746, y=63, z=-4440}
[04:07:31] [Server thread/WARN]: Can't keep up! Is the server overloaded? Running 2496ms or 49 ticks behind
[04:08:07] [Server thread/INFO]: [Not Secure] <Rad1108> ys?
[04:08:08] [Server thread/INFO]: [Not Secure] <whitehairguy> ashen 16
[04:08:11] [Server thread/INFO]: [Not Secure] <whitehairguy> resource pack
[04:08:15] [Server thread/INFO]: [Not Secure] <whitehairguy> gives medieval style
[04:08:17] [Server thread/INFO]: [Not Secure] <Rad1108> nah
[04:08:18] [Server thread/INFO]: [Not Secure] <whitehairguy> nice for change
[04:08:20] [Server thread/INFO]: [Not Secure] <Ojas_Kumar> can i get the seed or is that illegal?
[04:08:27] [Server thread/INFO]: [Not Secure] <whitehairguy> tell rakshit
[04:08:32] [Server thread/INFO]: [Not Secure] <Ojas_Kumar> ^^
[04:08:34] [Server thread/INFO]: [Not Secure] <Rad1108> illegal
[04:08:47] [Server thread/INFO]: [Not Secure] <Ojas_Kumar> nvm i dont need it now
[04:08:52] [Server thread/INFO]: [Not Secure] <whitehairguy> that was fsat
[04:09:03] [Server thread/INFO]: [Not Secure] <Ojas_Kumar> wanted to troubleshoot something
[04:09:08] [Server thread/INFO]: [Not Secure] <Ojas_Kumar> it fixed on its own
[04:09:52] [Server thread/INFO]: whitehairguy lost connection: Disconnected
[04:09:52] [Server thread/INFO]: whitehairguy left the game
[04:10:08] [Server thread/WARN]: Can't keep up! Is the server overloaded? Running 2002ms or 40 ticks behind
[04:10:26] [Server thread/WARN]: Can't keep up! Is the server overloaded? Running 2009ms or 40 ticks behind
[04:10:46] [Server thread/WARN]: Can't keep up! Is the server overloaded? Running 4586ms or 91 ticks behind
[04:11:06] [Server thread/WARN]: Can't keep up! Is the server overloaded? Running 4796ms or 95 ticks behind
[04:11:24] [Server thread/WARN]: Can't keep up! Is the server overloaded? Running 3363ms or 67 ticks behind
[04:11:43] [Server thread/WARN]: Can't keep up! Is the server overloaded? Running 3716ms or 74 ticks behind
[04:11:54] [Server thread/INFO]: whitehairguy[/127.0.0.1:49020] logged in with entity id 248159 at (665.3942739018972, 65.0, 585.8302338329999)
[04:11:54] [Server thread/INFO]: whitehairguy joined the game
[04:11:54] [Server thread/WARN]: UUID of added entity already exists: class_1684['Thrown Ender Pearl'/248161, l='ServerLevel[New World]', x=995.36, y=63.17, z=228.38]
[04:11:54] [Server thread/WARN]: Failed to spawn player ender pearl in level (ResourceKey[minecraft:dimension / minecraft:overworld]), skipping
[04:11:54] [Server thread/WARN]: UUID of added entity already exists: class_1684['Thrown Ender Pearl'/248166, l='ServerLevel[New World]', x=1015.69, y=63.04, z=250.50]
[04:11:54] [Server thread/WARN]: Failed to spawn player ender pearl in level (ResourceKey[minecraft:dimension / minecraft:overworld]), skipping
[04:11:54] [Server thread/WARN]: UUID of added entity already exists: class_1684['Thrown Ender Pearl'/248167, l='ServerLevel[New World]', x=995.23, y=62.99, z=250.60]
[04:11:54] [Server thread/WARN]: Failed to spawn player ender pearl in level (ResourceKey[minecraft:dimension / minecraft:overworld]), skipping
[04:11:54] [Server thread/WARN]: UUID of added entity already exists: class_1684['Thrown Ender Pearl'/248168, l='ServerLevel[New World]', x=1015.69, y=63.10, z=250.50]
[04:11:54] [Server thread/WARN]: Failed to spawn player ender pearl in level (ResourceKey[minecraft:dimension / minecraft:overworld]), skipping
[04:11:54] [Server thread/WARN]: UUID of added entity already exists: class_1684['Thrown Ender Pearl'/248169, l='ServerLevel[New World]', x=1015.40, y=62.96, z=228.49]
[04:11:54] [Server thread/WARN]: Failed to spawn player ender pearl in level (ResourceKey[minecraft:dimension / minecraft:overworld]), skipping
[04:11:54] [Server thread/WARN]: UUID of added entity already exists: class_1684['Thrown Ender Pearl'/248170, l='ServerLevel[New World]', x=721.57, y=63.06, z=551.39]
[04:11:54] [Server thread/WARN]: Failed to spawn player ender pearl in level (ResourceKey[minecraft:dimension / minecraft:overworld]), skipping
[04:11:54] [Server thread/WARN]: UUID of added entity already exists: class_1684['Thrown Ender Pearl'/248171, l='ServerLevel[New World]', x=995.23, y=62.96, z=250.60]
[04:11:54] [Server thread/WARN]: Failed to spawn player ender pearl in level (ResourceKey[minecraft:dimension / minecraft:overworld]), skipping
[04:12:12] [Server thread/WARN]: Can't keep up! Is the server overloaded? Running 2002ms or 40 ticks behind
[04:13:30] [Server thread/WARN]: Can't keep up! Is the server overloaded? Running 2007ms or 40 ticks behind
[04:13:48] [Server thread/WARN]: Can't keep up! Is the server overloaded? Running 2307ms or 46 ticks behind
[04:14:06] [Server thread/WARN]: Can't keep up! Is the server overloaded? Running 3101ms or 62 ticks behind
[04:14:24] [Server thread/WARN]: Can't keep up! Is the server overloaded? Running 3391ms or 67 ticks behind
[04:16:44] [Server thread/WARN]: Can't keep up! Is the server overloaded? Running 2013ms or 40 ticks behind
[04:17:03] [Server thread/WARN]: Can't keep up! Is the server overloaded? Running 3561ms or 71 ticks behind
[04:18:07] [Server thread/WARN]: whitehairguy moved wrongly!
[04:18:07] [Server thread/WARN]: whitehairguy moved wrongly!
[04:19:32] [Server thread/WARN]: whitehairguy moved too quickly! -12.053882842898702,3.599999999999966,-0.053160312690920364
[04:19:32] [Server thread/WARN]: whitehairguy moved too quickly! -10.044902369082251,2.9999999999999716,-0.04430026057576697
[04:19:32] [Server thread/WARN]: Can't keep up! Is the server overloaded? Running 2179ms or 43 ticks behind
[04:19:36] [Server thread/INFO]: Villager class_1646['Villager'/242666, l='ServerLevel[New World]', x=709.70, y=63.17, z=639.70] died, message: 'Villager was squished too much'
[04:19:39] [Server thread/WARN]: whitehairguy moved too quickly! -10.109261037871192,-4.8022026157550926,0.15711437829787656
[04:19:39] [Server thread/WARN]: whitehairguy moved too quickly! -9.510220913439639,-4.024214249001346,0.15206373745195378
[04:19:45] [Server thread/WARN]: whitehairguy moved too quickly! -12.051806451925131,0.0,-0.2299629497214255
[04:19:45] [Server thread/WARN]: whitehairguy moved too quickly! -10.043172043270943,0.0,-0.19163579143452125
[04:19:45] [Server thread/WARN]: whitehairguy moved too quickly! -10.043172043270943,0.0,-0.19163579143452125
[04:19:53] [Server thread/WARN]: Can't keep up! Is the server overloaded? Running 6196ms or 123 ticks behind
[04:20:14] [Server thread/WARN]: Can't keep up! Is the server overloaded? Running 6206ms or 124 ticks behind
[04:20:32] [Server thread/WARN]: Can't keep up! Is the server overloaded? Running 2696ms or 53 ticks behind
[04:20:53] [Server thread/WARN]: whitehairguy moved too quickly! -10.026820404479395,2.9999999999999716,0.6028891750105458
[04:20:56] [Server thread/INFO]: [Not Secure] <Ojas_Kumar> should i make a breeder near our house?
[04:20:57] [Server thread/WARN]: Can't keep up! Is the server overloaded? Running 2006ms or 40 ticks behind
[04:20:59] [Server thread/WARN]: whitehairguy moved too quickly! -12.053175145629211,0.0,-0.14098764314235268
[04:20:59] [Server thread/WARN]: whitehairguy moved too quickly! -10.044312621357676,0.0,-0.11748970261862723
[04:21:01] [Server thread/WARN]: whitehairguy moved too quickly! -12.053609104158568,0.0,-0.09707462342089457
[04:21:02] [Server thread/WARN]: whitehairguy moved too quickly! -10.044674253465473,0.0,-0.08089551951741214
[04:21:03] [Server thread/WARN]: whitehairguy moved too quickly! -10.044674253465473,0.0,-0.08089551951741214
[04:21:03] [Server thread/WARN]: whitehairguy moved too quickly! -10.044674253465473,0.0,-0.08089551951741214
[04:21:04] [Server thread/WARN]: whitehairguy moved too quickly! -10.044674253465473,0.0,-0.08089551951741214
[04:21:05] [Server thread/WARN]: whitehairguy moved too quickly! -11.60161360946222,-0.2336320060424839,-0.09343444461165973
[04:21:06] [Server thread/INFO]: [Not Secure] <Chubs410> undergroud
[04:21:13] [Server thread/WARN]: whitehairguy moved too quickly! -6.924990696000123,2.9999999999999716,-7.273274507200483
[04:21:15] [Server thread/WARN]: Can't keep up! Is the server overloaded? Running 3722ms or 74 ticks behind
[04:21:26] [Server thread/INFO]: Villager class_1646['Villager'/242671, l='ServerLevel[New World]', x=709.70, y=63.19, z=639.70] died, message: 'Villager was squished too much'
[04:21:32] [Server thread/WARN]: Can't keep up! Is the server overloaded? Running 2253ms or 45 ticks behind
[04:21:52] [Server thread/WARN]: Can't keep up! Is the server overloaded? Running 4930ms or 98 ticks behind
[04:22:16] [Server thread/WARN]: Can't keep up! Is the server overloaded? Running 8401ms or 168 ticks behind
[04:22:27] [Server thread/INFO]: Villager class_1646['Villager'/242683, l='ServerLevel[New World]', x=709.17, y=63.39, z=639.16] died, message: 'Villager was squished too much'
[04:22:31] [Server thread/INFO]: BrownNiggar[/127.139.218.78:52905] logged in with entity id 256150 at (769.0847331230901, 64.0, -4416.982668388115)
[04:22:31] [Server thread/INFO]: BrownNiggar joined the game
[04:22:44] [Server thread/WARN]: Can't keep up! Is the server overloaded? Running 13241ms or 264 ticks behind
[04:23:04] [Server thread/WARN]: Can't keep up! Is the server overloaded? Running 5322ms or 106 ticks behind
[04:23:26] [Server thread/WARN]: Can't keep up! Is the server overloaded? Running 6214ms or 124 ticks behind
[04:23:47] [Server thread/WARN]: Can't keep up! Is the server overloaded? Running 6981ms or 139 ticks behind
[04:24:05] [Server thread/WARN]: Can't keep up! Is the server overloaded? Running 2871ms or 57 ticks behind
[04:24:27] [Server thread/WARN]: Can't keep up! Is the server overloaded? Running 6670ms or 133 ticks behind
[04:24:49] [Server thread/WARN]: Can't keep up! Is the server overloaded? Running 7470ms or 149 ticks behind
[04:25:03] [Server thread/INFO]: [Not Secure] <Ojas_Kumar> okay bye ill play tomorrow
[04:25:05] [Server thread/INFO]: [Not Secure] <Ojas_Kumar> gn
[04:25:07] [Server thread/INFO]: Ojas_Kumar lost connection: Disconnected
[04:25:07] [Server thread/INFO]: Ojas_Kumar left the game
[04:25:14] [Server thread/WARN]: Can't keep up! Is the server overloaded? Running 9619ms or 192 ticks behind
[04:25:35] [Server thread/WARN]: Can't keep up! Is the server overloaded? Running 6276ms or 125 ticks behind
[04:25:59] [Server thread/WARN]: Can't keep up! Is the server overloaded? Running 9186ms or 183 ticks behind
[04:26:20] [Server thread/WARN]: Can't keep up! Is the server overloaded? Running 5519ms or 110 ticks behind
[04:26:21] [Server thread/INFO]: Villager class_1646['Villager'/242681, l='ServerLevel[New World]', x=709.12, y=63.41, z=639.14] died, message: 'Villager was squished too much'
[04:26:44] [Server thread/WARN]: Can't keep up! Is the server overloaded? Running 9573ms or 191 ticks behind
[04:27:09] [Server thread/WARN]: Can't keep up! Is the server overloaded? Running 9466ms or 189 ticks behind
[04:27:34] [Server thread/WARN]: Can't keep up! Is the server overloaded? Running 9660ms or 193 ticks behind
[04:27:56] [Server thread/WARN]: Can't keep up! Is the server overloaded? Running 6996ms or 139 ticks behind
[04:28:15] [Server thread/WARN]: Can't keep up! Is the server overloaded? Running 4894ms or 97 ticks behind
[04:28:38] [Server thread/WARN]: Can't keep up! Is the server overloaded? Running 7878ms or 157 ticks behind
[04:28:59] [Server thread/WARN]: Can't keep up! Is the server overloaded? Running 6261ms or 125 ticks behind
[04:29:20] [Server thread/WARN]: Can't keep up! Is the server overloaded? Running 5988ms or 119 ticks behind
[04:29:40] [Server thread/WARN]: Can't keep up! Is the server overloaded? Running 4344ms or 86 ticks behind
[04:30:03] [Server thread/WARN]: Can't keep up! Is the server overloaded? Running 8551ms or 171 ticks behind
[04:30:24] [Server thread/WARN]: Can't keep up! Is the server overloaded? Running 5428ms or 108 ticks behind
[04:30:44] [Server thread/WARN]: Can't keep up! Is the server overloaded? Running 5688ms or 113 ticks behind
[04:31:04] [Server thread/INFO]: BrownNiggar has made the advancement [Best Friends Forever]
[04:31:06] [Server thread/WARN]: Can't keep up! Is the server overloaded? Running 7085ms or 141 ticks behind
[04:31:35] [Server thread/WARN]: Can't keep up! Is the server overloaded? Running 14061ms or 281 ticks behind
[04:31:56] [Server thread/INFO]: [Not Secure] <Rad1108> 2
[04:31:59] [Server thread/WARN]: Can't keep up! Is the server overloaded? Running 8478ms or 169 ticks behind
[04:32:10] [Server thread/WARN]: whitehairguy moved too quickly! 4.00804583589138,-1.5061414190386841,9.713133153143644
[04:32:10] [Server thread/WARN]: whitehairguy moved too quickly! 4.00804583589138,-1.5061414190386841,9.713059749010654
[04:32:14] [Server thread/WARN]: whitehairguy moved wrongly!
[04:32:19] [Server thread/WARN]: Can't keep up! Is the server overloaded? Running 4954ms or 99 ticks behind
[04:32:25] [Server thread/WARN]: whitehairguy moved too quickly! 1.4485715608568626,2.9999999999999716,-9.937313224784134
[04:32:27] [Server thread/WARN]: whitehairguy moved too quickly! 1.6527527308278422,0.0,-9.908099457545632
[04:32:29] [Server thread/WARN]: whitehairguy moved too quickly! 0.9754671946820963,0.0,-12.014465182692788
[04:32:37] [Server thread/WARN]: whitehairguy moved too quickly! -0.3478062203207628,0.0,-12.048981410641602
[04:32:40] [Server thread/WARN]: whitehairguy moved too quickly! -0.16381482954898274,-8.655325438981407,-6.391482803914329
[04:32:42] [Server thread/WARN]: whitehairguy moved too quickly! -0.039292466044571484,0.0,-12.053936010003383
[04:32:44] [Server thread/WARN]: Can't keep up! Is the server overloaded? Running 10161ms or 203 ticks behind
[04:33:07] [Server thread/WARN]: Can't keep up! Is the server overloaded? Running 8081ms or 161 ticks behind
[04:33:12] [Server thread/WARN]: whitehairguy moved too quickly! -0.5326862644665198,2.9999999999999716,-10.030553238148713
[04:33:13] [Server thread/WARN]: whitehairguy moved too quickly! -0.5013411643594736,2.7139000035185745,-10.622495611104455
[04:33:26] [Server thread/WARN]: Can't keep up! Is the server overloaded? Running 4129ms or 82 ticks behind
[04:33:32] [Server thread/INFO]: [Not Secure] <Rad1108> ggs
[04:33:37] [Server thread/INFO]: [Not Secure] <Rad1108> going to sleep
[04:33:43] [Server thread/INFO]: [Not Secure] <Rad1108> bye
[04:33:44] [Server thread/INFO]: Rad1108 lost connection: Disconnected
[04:33:44] [Server thread/INFO]: Rad1108 left the game
[04:33:45] [Server thread/WARN]: Can't keep up! Is the server overloaded? Running 4270ms or 85 ticks behind
[04:37:20] [Server thread/INFO]: Chubs410 lost connection: Disconnected
[04:37:20] [Server thread/INFO]: Chubs410 left the game
[04:45:45] [Server thread/INFO]: whitehairguy has made the advancement [Respecting the Remnants]
[04:54:58] [Server thread/WARN]: Mismatch in destroy block pos: class_2338{x=-1506, y=98, z=-277} class_2338{x=-1505, y=98, z=-276}
[04:59:52] [Server thread/WARN]: Mismatch in destroy block pos: class_2338{x=-1489, y=100, z=-269} class_2338{x=-1492, y=95, z=-269}
[05:10:30] [Server thread/WARN]: Mismatch in destroy block pos: class_2338{x=-1472, y=88, z=-264} class_2338{x=-1472, y=88, z=-265}
[05:10:30] [Server thread/WARN]: Mismatch in destroy block pos: class_2338{x=-1472, y=88, z=-264} class_2338{x=-1472, y=88, z=-265}
[05:10:49] [Server thread/WARN]: Mismatch in destroy block pos: class_2338{x=-1476, y=86, z=-265} class_2338{x=-1478, y=85, z=-264}
[05:10:49] [Server thread/WARN]: Mismatch in destroy block pos: class_2338{x=-1476, y=86, z=-265} class_2338{x=-1478, y=85, z=-264}
[05:10:49] [Server thread/WARN]: Mismatch in destroy block pos: class_2338{x=-1476, y=86, z=-265} class_2338{x=-1478, y=85, z=-264}
[05:32:51] [Server thread/INFO]: Villager class_1646['Villager'/294575, l='ServerLevel[New World]', x=709.12, y=63.21, z=639.12] died, message: 'Villager was squished too much'
[05:33:44] [Server thread/WARN]: Can't keep up! Is the server overloaded? Running 2003ms or 40 ticks behind
[05:34:47] [Server thread/INFO]: Villager class_1646['Villager'/294574, l='ServerLevel[New World]', x=709.20, y=63.36, z=639.14] died, message: 'Villager was squished too much'
[05:35:46] [Server thread/INFO]: Villager class_1646['Villager'/294572, l='ServerLevel[New World]', x=709.13, y=63.45, z=639.13] died, message: 'Villager was squished too much'
[05:41:11] [Server thread/INFO]: Villager class_1646['Villager'/294576, l='ServerLevel[New World]', x=709.15, y=63.59, z=639.19] died, message: 'Villager was squished too much'
[05:42:39] [Server thread/INFO]: BrownNiggar lost connection: Disconnected
[05:42:39] [Server thread/INFO]: BrownNiggar left the game
[05:45:17] [Server thread/INFO]: BrownNiggar[/127.139.218.78:58929] logged in with entity id 300909 at (1018.9599028136815, 71.0, -4415.273986692113)
[05:45:17] [Server thread/INFO]: BrownNiggar joined the game
[05:47:26] [Server thread/WARN]: whitehairguy moved too quickly! 0.0,-10.806526110009006,0.0
[05:51:37] [Server thread/INFO]: whitehairguy lost connection: Disconnected
[05:51:37] [Server thread/INFO]: whitehairguy left the game
[06:13:49] [Server thread/WARN]: Mismatch in destroy block pos: class_2338{x=780, y=52, z=-4435} class_2338{x=807, y=66, z=-4344}
[06:15:35] [Server thread/INFO]: whitehairguy[/127.0.0.1:49114] logged in with entity id 310559 at (1227.4348438366942, 73.875, -548.1183004077286)
[06:15:35] [Server thread/INFO]: whitehairguy joined the game
[06:15:35] [Server thread/WARN]: UUID of added entity already exists: class_1684['Thrown Ender Pearl'/310562, l='ServerLevel[New World]', x=995.36, y=63.06, z=228.38]
[06:15:35] [Server thread/WARN]: Failed to spawn player ender pearl in level (ResourceKey[minecraft:dimension / minecraft:overworld]), skipping
[06:15:35] [Server thread/WARN]: UUID of added entity already exists: class_1684['Thrown Ender Pearl'/310565, l='ServerLevel[New World]', x=1015.69, y=62.99, z=250.50]
[06:15:35] [Server thread/WARN]: Failed to spawn player ender pearl in level (ResourceKey[minecraft:dimension / minecraft:overworld]), skipping
[06:15:35] [Server thread/WARN]: UUID of added entity already exists: class_1684['Thrown Ender Pearl'/310566, l='ServerLevel[New World]', x=995.23, y=62.95, z=250.60]
[06:15:35] [Server thread/WARN]: Failed to spawn player ender pearl in level (ResourceKey[minecraft:dimension / minecraft:overworld]), skipping
[06:15:35] [Server thread/WARN]: UUID of added entity already exists: class_1684['Thrown Ender Pearl'/310567, l='ServerLevel[New World]', x=995.23, y=62.96, z=250.60]
[06:15:35] [Server thread/WARN]: Failed to spawn player ender pearl in level (ResourceKey[minecraft:dimension / minecraft:overworld]), skipping
[06:15:35] [Server thread/WARN]: UUID of added entity already exists: class_1684['Thrown Ender Pearl'/310569, l='ServerLevel[New World]', x=1015.40, y=62.96, z=228.49]
[06:15:35] [Server thread/WARN]: Failed to spawn player ender pearl in level (ResourceKey[minecraft:dimension / minecraft:overworld]), skipping
[06:15:35] [Server thread/WARN]: UUID of added entity already exists: class_1684['Thrown Ender Pearl'/310570, l='ServerLevel[New World]', x=1015.69, y=63.10, z=250.50]
[06:15:35] [Server thread/WARN]: Failed to spawn player ender pearl in level (ResourceKey[minecraft:dimension / minecraft:overworld]), skipping
[06:33:49] [Server thread/INFO]: whitehairguy has reached the goal [Hired Help]
[06:43:37] [Server thread/WARN]: Can't keep up! Is the server overloaded? Running 2212ms or 44 ticks behind
[06:47:40] [Server thread/WARN]: Mismatch in destroy block pos: class_2338{x=834, y=64, z=-4415} class_2338{x=835, y=65, z=-4414}
[06:47:40] [Server thread/WARN]: Mismatch in destroy block pos: class_2338{x=834, y=64, z=-4415} class_2338{x=835, y=65, z=-4414}
[06:47:40] [Server thread/WARN]: Mismatch in destroy block pos: class_2338{x=834, y=64, z=-4415} class_2338{x=835, y=65, z=-4414}
[06:53:48] [Server thread/INFO]: whitehairguy has completed the challenge [Subspace Bubble]
[07:13:14] [Server thread/INFO]: blackhairguy[/127.0.0.1:41908] logged in with entity id 336295 at (268.5, 96.0, 87.5)
[07:13:14] [Server thread/INFO]: blackhairguy joined the game
[07:19:26] [Server thread/INFO]: whitehairguy has made the advancement [Spooky Scary Skeleton]
[07:44:15] [Server thread/INFO]: blackhairguy lost connection: Disconnected
[07:44:15] [Server thread/INFO]: blackhairguy left the game
[08:03:02] [Server thread/INFO]: whitehairguy has made the advancement [Withering Heights]
[08:03:23] [Server thread/INFO]: whitehairguy lost connection: Disconnected
[08:03:23] [Server thread/INFO]: whitehairguy left the game
[08:03:33] [Server thread/INFO]: whitehairguy[/127.0.0.1:37804] logged in with entity id 366185 at (13.895485696337698, 63.0, 0.45457380502624245)
[08:03:33] [Server thread/INFO]: whitehairguy joined the game
[08:03:33] [Server thread/WARN]: UUID of added entity already exists: class_1684['Thrown Ender Pearl'/366188, l='ServerLevel[New World]', x=995.23, y=62.96, z=250.60]
[08:03:33] [Server thread/WARN]: Failed to spawn player ender pearl in level (ResourceKey[minecraft:dimension / minecraft:overworld]), skipping
[08:03:33] [Server thread/WARN]: UUID of added entity already exists: class_1684['Thrown Ender Pearl'/366191, l='ServerLevel[New World]', x=995.36, y=63.06, z=228.38]
[08:03:33] [Server thread/WARN]: Failed to spawn player ender pearl in level (ResourceKey[minecraft:dimension / minecraft:overworld]), skipping
[08:03:33] [Server thread/WARN]: UUID of added entity already exists: class_1684['Thrown Ender Pearl'/366192, l='ServerLevel[New World]', x=995.23, y=62.99, z=250.60]
[08:03:33] [Server thread/WARN]: Failed to spawn player ender pearl in level (ResourceKey[minecraft:dimension / minecraft:overworld]), skipping
[08:03:33] [Server thread/WARN]: UUID of added entity already exists: class_1684['Thrown Ender Pearl'/366195, l='ServerLevel[New World]', x=1015.40, y=62.96, z=228.49]
[08:03:33] [Server thread/WARN]: Failed to spawn player ender pearl in level (ResourceKey[minecraft:dimension / minecraft:overworld]), skipping
[08:03:33] [Server thread/WARN]: UUID of added entity already exists: class_1684['Thrown Ender Pearl'/366196, l='ServerLevel[New World]', x=1015.69, y=63.10, z=250.50]
[08:03:33] [Server thread/WARN]: Failed to spawn player ender pearl in level (ResourceKey[minecraft:dimension / minecraft:overworld]), skipping
[08:03:45] [Server thread/WARN]: whitehairguy moved too quickly! 0.0,22.36067977499789,0.0
[08:03:54] [Server thread/WARN]: whitehairguy moved too quickly! 0.0,22.36067977499789,0.0
[08:32:30] [Server thread/INFO]: whitehairguy lost connection: Disconnected
[08:32:30] [Server thread/INFO]: whitehairguy left the game
[08:32:33] [Server thread/INFO]: whitehairguy[/127.0.0.1:36346] logged in with entity id 383633 at (657.6895229331179, 64.0, -4413.113841597885)
[08:32:33] [Server thread/INFO]: whitehairguy joined the game
[08:32:33] [Server thread/WARN]: UUID of added entity already exists: class_1684['Thrown Ender Pearl'/383640, l='ServerLevel[New World]', x=1015.40, y=63.10, z=228.49]
[08:32:33] [Server thread/WARN]: Failed to spawn player ender pearl in level (ResourceKey[minecraft:dimension / minecraft:overworld]), skipping
[08:32:33] [Server thread/WARN]: UUID of added entity already exists: class_1684['Thrown Ender Pearl'/383641, l='ServerLevel[New World]', x=995.23, y=62.96, z=250.60]
[08:32:33] [Server thread/WARN]: Failed to spawn player ender pearl in level (ResourceKey[minecraft:dimension / minecraft:overworld]), skipping
[08:32:33] [Server thread/WARN]: UUID of added entity already exists: class_1684['Thrown Ender Pearl'/383643, l='ServerLevel[New World]', x=995.23, y=63.02, z=250.60]
[08:32:33] [Server thread/WARN]: Failed to spawn player ender pearl in level (ResourceKey[minecraft:dimension / minecraft:overworld]), skipping
[08:38:20] [Server thread/INFO]: BrownNiggar lost connection: Timed out
[08:38:20] [Server thread/INFO]: BrownNiggar left the game
[08:39:09] [Server thread/INFO]: BrownNiggar[/127.159.163.39:56575] logged in with entity id 387077 at (768.4650308534672, 64.0, -4422.983140561088)
[08:39:09] [Server thread/INFO]: BrownNiggar joined the game
[08:46:42] [Server thread/WARN]: Can't keep up! Is the server overloaded? Running 2005ms or 40 ticks behind
[08:51:50] [Server thread/INFO]: whitehairguy has made the advancement [Bring Home the Beacon]
[08:52:47] [Server thread/WARN]: Can't keep up! Is the server overloaded? Running 2003ms or 40 ticks behind
[08:53:07] [Server thread/WARN]: Can't keep up! Is the server overloaded? Running 4796ms or 95 ticks behind
[08:53:25] [Server thread/WARN]: Can't keep up! Is the server overloaded? Running 2722ms or 54 ticks behind
[08:57:32] [Server thread/WARN]: Can't keep up! Is the server overloaded? Running 2029ms or 40 ticks behind
[08:57:58] [Server thread/WARN]: Can't keep up! Is the server overloaded? Running 11068ms or 221 ticks behind
[09:02:39] [Server thread/INFO]: whitehairguy lost connection: Disconnected
[09:02:39] [Server thread/INFO]: whitehairguy left the game
[09:02:42] [Server thread/INFO]: whitehairguy[/127.0.0.1:48856] logged in with entity id 404752 at (732.1216973460787, 94.0, 576.4927990480918)
[09:02:42] [Server thread/INFO]: whitehairguy joined the game
[09:02:42] [Server thread/WARN]: UUID of added entity already exists: class_1684['Thrown Ender Pearl'/404759, l='ServerLevel[New World]', x=995.23, y=62.96, z=250.60]
[09:02:42] [Server thread/WARN]: Failed to spawn player ender pearl in level (ResourceKey[minecraft:dimension / minecraft:overworld]), skipping
[09:02:42] [Server thread/WARN]: UUID of added entity already exists: class_1684['Thrown Ender Pearl'/404760, l='ServerLevel[New World]', x=1015.40, y=63.10, z=228.49]
[09:02:42] [Server thread/WARN]: Failed to spawn player ender pearl in level (ResourceKey[minecraft:dimension / minecraft:overworld]), skipping
[09:02:42] [Server thread/WARN]: UUID of added entity already exists: class_1684['Thrown Ender Pearl'/404761, l='ServerLevel[New World]', x=995.23, y=63.02, z=250.60]
[09:02:42] [Server thread/WARN]: Failed to spawn player ender pearl in level (ResourceKey[minecraft:dimension / minecraft:overworld]), skipping
[09:02:43] [Server thread/INFO]: whitehairguy lost connection: Disconnected
[09:02:43] [Server thread/INFO]: whitehairguy left the game
[09:02:49] [Server thread/INFO]: whitehairguy[/127.0.0.1:34178] logged in with entity id 404987 at (732.1216973460787, 94.0, 576.4927990480918)
[09:02:49] [Server thread/INFO]: whitehairguy joined the game
[09:02:49] [Server thread/WARN]: UUID of added entity already exists: class_1684['Thrown Ender Pearl'/404994, l='ServerLevel[New World]', x=995.23, y=62.95, z=250.60]
[09:02:49] [Server thread/WARN]: Failed to spawn player ender pearl in level (ResourceKey[minecraft:dimension / minecraft:overworld]), skipping
[09:02:49] [Server thread/WARN]: UUID of added entity already exists: class_1684['Thrown Ender Pearl'/404996, l='ServerLevel[New World]', x=1015.40, y=63.10, z=228.49]
[09:02:49] [Server thread/WARN]: Failed to spawn player ender pearl in level (ResourceKey[minecraft:dimension / minecraft:overworld]), skipping
[09:02:49] [Server thread/WARN]: UUID of added entity already exists: class_1684['Thrown Ender Pearl'/404997, l='ServerLevel[New World]', x=995.23, y=63.02, z=250.60]
[09:02:49] [Server thread/WARN]: Failed to spawn player ender pearl in level (ResourceKey[minecraft:dimension / minecraft:overworld]), skipping
[09:04:47] [Server thread/INFO]: Villager class_1646['Villager'/405115, l='ServerLevel[New World]', x=709.21, y=63.28, z=639.70] died, message: 'Villager was squished too much'
[09:07:38] [Server thread/INFO]: whitehairguy lost connection: Disconnected
[09:07:38] [Server thread/INFO]: whitehairguy left the game
[09:14:28] [Server thread/INFO]: BrownNiggar lost connection: Disconnected
[09:14:28] [Server thread/INFO]: BrownNiggar left the game
[09:15:28] [Server thread/INFO]: Server empty for 60 seconds, pausing
[09:24:33] [Server thread/INFO]: BrownNiggar[/127.43.231.74:44181] logged in with entity id 409191 at (652.5, 64.0, -4410.5)
[09:24:33] [Server thread/INFO]: BrownNiggar joined the game
[09:31:23] [Server thread/WARN]: Pale Oak Boat (vehicle of BrownNiggar) moved too quickly! 0.0,0.0,10.667748870191417
[09:31:23] [Server thread/WARN]: Pale Oak Boat (vehicle of BrownNiggar) moved too quickly! 0.0,0.0,12.452987858403787
[09:31:23] [Server thread/WARN]: Pale Oak Boat (vehicle of BrownNiggar) moved too quickly! 0.0,0.0,14.239784935511238
[09:31:23] [Server thread/WARN]: Pale Oak Boat (vehicle of BrownNiggar) moved wrongly! 7.309207599321269
[09:31:23] [Server thread/WARN]: Pale Oak Boat (vehicle of BrownNiggar) moved wrongly! 7.309207599321269
[09:31:23] [Server thread/WARN]: Pale Oak Boat (vehicle of BrownNiggar) moved wrongly! 7.309207599321269
[09:31:23] [Server thread/WARN]: Pale Oak Boat (vehicle of BrownNiggar) moved wrongly! 7.271614797124528
[09:31:23] [Server thread/WARN]: Pale Oak Boat (vehicle of BrownNiggar) moved wrongly! 7.197321878932371
[09:31:23] [Server thread/WARN]: Pale Oak Boat (vehicle of BrownNiggar) moved wrongly! 7.087204776199826
[09:31:23] [Server thread/WARN]: Pale Oak Boat (vehicle of BrownNiggar) moved wrongly! 6.942121357877113
[09:31:24] [Server thread/WARN]: Pale Oak Boat (vehicle of BrownNiggar) moved wrongly! 6.762914373285582
[09:31:24] [Server thread/WARN]: Pale Oak Boat (vehicle of BrownNiggar) moved wrongly! 6.5504101489099185
[09:31:24] [Server thread/WARN]: Pale Oak Boat (vehicle of BrownNiggar) moved wrongly! 6.305417184594546
[09:31:24] [Server thread/WARN]: Pale Oak Boat (vehicle of BrownNiggar) moved wrongly! 6.028729315219721
[09:44:48] [Server thread/WARN]: Mismatch in destroy block pos: class_2338{x=572, y=14, z=219} class_2338{x=579, y=13, z=207}
[09:49:33] [Server thread/INFO]: [Not Secure] <BrownNiggar> 562 198
[09:49:39] [Server thread/INFO]: [Not Secure] <BrownNiggar> y14
[09:51:17] [Server thread/INFO]: whitehairguy[/127.0.0.1:36974] logged in with entity id 414529 at (749.4582663950625, 72.0, 550.216714509629)
[09:51:17] [Server thread/INFO]: whitehairguy joined the game
[09:51:17] [Server thread/WARN]: UUID of added entity already exists: class_1684['Thrown Ender Pearl'/414532, l='ServerLevel[New World]', x=995.23, y=62.95, z=250.60]
[09:51:17] [Server thread/WARN]: Failed to spawn player ender pearl in level (ResourceKey[minecraft:dimension / minecraft:overworld]), skipping
[09:51:17] [Server thread/WARN]: UUID of added entity already exists: class_1684['Thrown Ender Pearl'/414536, l='ServerLevel[New World]', x=1015.40, y=62.86, z=228.49]
[09:51:17] [Server thread/WARN]: Failed to spawn player ender pearl in level (ResourceKey[minecraft:dimension / minecraft:overworld]), skipping
[09:51:17] [Server thread/WARN]: UUID of added entity already exists: class_1684['Thrown Ender Pearl'/414539, l='ServerLevel[New World]', x=995.23, y=63.01, z=250.60]
[09:51:17] [Server thread/WARN]: Failed to spawn player ender pearl in level (ResourceKey[minecraft:dimension / minecraft:overworld]), skipping
[09:53:28] [Server thread/WARN]: Can't keep up! Is the server overloaded? Running 2003ms or 40 ticks behind
[11:06:40] [Server thread/INFO]: whitehairguy lost connection: Disconnected
[11:06:40] [Server thread/INFO]: whitehairguy left the game
[11:07:11] [Server thread/INFO]: BrownNiggar lost connection: Disconnected
[11:07:11] [Server thread/INFO]: BrownNiggar left the game
[11:08:11] [Server thread/INFO]: Server empty for 60 seconds, pausing
[11:16:48] [Server thread/INFO]: whitehairguy[/127.0.0.1:57370] logged in with entity id 444234 at (2833.3198791450277, 91.5, 142.49028312877428)
[11:16:48] [Server thread/INFO]: whitehairguy joined the game
[11:16:48] [Server thread/WARN]: UUID of added entity already exists: class_1684['Thrown Ender Pearl'/444240, l='ServerLevel[New World]', x=995.23, y=63.01, z=250.60]
[11:16:48] [Server thread/WARN]: Failed to spawn player ender pearl in level (ResourceKey[minecraft:dimension / minecraft:overworld]), skipping
[11:16:48] [Server thread/WARN]: UUID of added entity already exists: class_1684['Thrown Ender Pearl'/444242, l='ServerLevel[New World]', x=995.23, y=63.01, z=250.60]
[11:16:48] [Server thread/WARN]: Failed to spawn player ender pearl in level (ResourceKey[minecraft:dimension / minecraft:overworld]), skipping
[11:16:48] [Server thread/WARN]: UUID of added entity already exists: class_1684['Thrown Ender Pearl'/444243, l='ServerLevel[New World]', x=1015.40, y=62.86, z=228.49]
[11:16:48] [Server thread/WARN]: Failed to spawn player ender pearl in level (ResourceKey[minecraft:dimension / minecraft:overworld]), skipping
[11:16:48] [Server thread/INFO]: BrownNiggar[/127.52.238.219:48783] logged in with entity id 444427 at (770.6742514921312, 65.0, -4435.636781207045)
[11:16:48] [Server thread/INFO]: BrownNiggar joined the game
[11:42:30] [Server thread/WARN]: Mismatch in destroy block pos: class_2338{x=765, y=57, z=-4426} class_2338{x=764, y=57, z=-4425}
[11:42:30] [Server thread/WARN]: Mismatch in destroy block pos: class_2338{x=765, y=57, z=-4426} class_2338{x=764, y=57, z=-4425}
[11:42:30] [Server thread/WARN]: Mismatch in destroy block pos: class_2338{x=765, y=57, z=-4426} class_2338{x=764, y=57, z=-4425}
[11:42:30] [Server thread/WARN]: Mismatch in destroy block pos: class_2338{x=765, y=57, z=-4426} class_2338{x=764, y=57, z=-4425}
[11:54:32] [Server thread/WARN]: whitehairguy moved wrongly!
[11:54:32] [Server thread/WARN]: whitehairguy moved wrongly!
[11:59:19] [Server thread/INFO]: whitehairguy has reached the goal [Beaconator]
[11:59:23] [Server thread/INFO]: Villager class_1646['Villager'/463976, l='ServerLevel[New World]', x=709.12, y=63.49, z=639.17] died, message: 'Villager was squished too much'
[12:00:14] [Server thread/INFO]: Villager class_1646['Villager'/463974, l='ServerLevel[New World]', x=709.23, y=63.45, z=639.14] died, message: 'Villager was squished too much'
[12:00:37] [Server thread/INFO]: Villager class_1646['Villager'/463978, l='ServerLevel[New World]', x=709.10, y=63.53, z=639.11] died, message: 'Villager was squished too much'
[12:01:45] [Server thread/INFO]: Villager class_1646['Villager'/463973, l='ServerLevel[New World]', x=709.11, y=63.47, z=639.13] died, message: 'Villager was squished too much'
[12:02:11] [Server thread/INFO]: Villager class_1646['Villager'/463975, l='ServerLevel[New World]', x=709.16, y=63.67, z=639.15] died, message: 'Villager was squished too much'
[12:02:25] [Server thread/WARN]: Can't keep up! Is the server overloaded? Running 2011ms or 40 ticks behind
[12:02:44] [Server thread/WARN]: Can't keep up! Is the server overloaded? Running 2003ms or 40 ticks behind
[12:03:01] [Server thread/WARN]: Can't keep up! Is the server overloaded? Running 2144ms or 42 ticks behind
[12:04:40] [Server thread/INFO]: Villager class_1646['Villager'/463972, l='ServerLevel[New World]', x=709.12, y=63.38, z=639.14] died, message: 'Villager was squished too much'
[12:11:15] [Server thread/WARN]: Can't keep up! Is the server overloaded? Running 2000ms or 40 ticks behind
[12:11:32] [Server thread/WARN]: Can't keep up! Is the server overloaded? Running 2000ms or 40 ticks behind
[12:14:18] [Server thread/INFO]: Villager class_1646['Villager'/463969, l='ServerLevel[New World]', x=709.14, y=63.55, z=639.15] died, message: 'Villager was squished too much'
[12:40:53] [Server thread/INFO]: Villager class_1646['Villager'/477610, l='ServerLevel[New World]', x=709.11, y=63.49, z=639.14] died, message: 'Villager was squished too much'
[12:41:49] [Server thread/WARN]: Can't keep up! Is the server overloaded? Running 2022ms or 40 ticks behind
[12:42:08] [Server thread/WARN]: Can't keep up! Is the server overloaded? Running 3573ms or 71 ticks behind
[12:46:30] [Server thread/WARN]: Can't keep up! Is the server overloaded? Running 2010ms or 40 ticks behind
[12:46:47] [Server thread/WARN]: Can't keep up! Is the server overloaded? Running 2269ms or 45 ticks behind
[12:47:05] [Server thread/WARN]: Can't keep up! Is the server overloaded? Running 3244ms or 64 ticks behind
[12:47:23] [Server thread/WARN]: Can't keep up! Is the server overloaded? Running 2723ms or 54 ticks behind
[12:48:41] [Server thread/INFO]: Villager class_1646['Villager'/477609, l='ServerLevel[New World]', x=709.10, y=63.45, z=639.11] died, message: 'Villager was squished too much'
[12:49:38] [Server thread/WARN]: Can't keep up! Is the server overloaded? Running 2002ms or 40 ticks behind
[12:49:55] [Server thread/WARN]: Mismatch in destroy block pos: class_2338{x=704, y=69, z=-4439} class_2338{x=758, y=72, z=-4427}
[12:49:56] [Server thread/WARN]: Can't keep up! Is the server overloaded? Running 2512ms or 50 ticks behind
[12:50:14] [Server thread/WARN]: Can't keep up! Is the server overloaded? Running 3161ms or 63 ticks behind
[12:50:34] [Server thread/WARN]: Can't keep up! Is the server overloaded? Running 2017ms or 40 ticks behind
[12:50:52] [Server thread/WARN]: Can't keep up! Is the server overloaded? Running 2305ms or 46 ticks behind
[12:51:09] [Server thread/WARN]: Can't keep up! Is the server overloaded? Running 2887ms or 57 ticks behind
[12:51:27] [Server thread/WARN]: Can't keep up! Is the server overloaded? Running 2297ms or 45 ticks behind
[12:51:46] [Server thread/WARN]: Can't keep up! Is the server overloaded? Running 4361ms or 87 ticks behind
[12:52:06] [Server thread/WARN]: Can't keep up! Is the server overloaded? Running 4588ms or 91 ticks behind
[12:52:25] [Server thread/WARN]: Can't keep up! Is the server overloaded? Running 4361ms or 87 ticks behind
[12:52:31] [Server thread/INFO]: Villager class_1646['Villager'/477607, l='ServerLevel[New World]', x=709.13, y=63.51, z=639.12] died, message: 'Villager was squished too much'
[12:52:44] [Server thread/WARN]: Can't keep up! Is the server overloaded? Running 3913ms or 78 ticks behind
[12:53:02] [Server thread/WARN]: Can't keep up! Is the server overloaded? Running 3185ms or 63 ticks behind
[12:53:15] [Server thread/INFO]: whitehairguy lost connection: Disconnected
[12:53:15] [Server thread/INFO]: whitehairguy left the game
[12:53:22] [Server thread/INFO]: whitehairguy[/127.0.0.1:50348] logged in with entity id 486050 at (755.4304996036019, 64.0, 592.7872449903767)
[12:53:22] [Server thread/INFO]: whitehairguy joined the game
[12:53:22] [Server thread/WARN]: UUID of added entity already exists: class_1684['Thrown Ender Pearl'/486054, l='ServerLevel[New World]', x=995.23, y=63.01, z=250.60]
[12:53:22] [Server thread/WARN]: Failed to spawn player ender pearl in level (ResourceKey[minecraft:dimension / minecraft:overworld]), skipping
[12:53:22] [Server thread/WARN]: UUID of added entity already exists: class_1684['Thrown Ender Pearl'/486057, l='ServerLevel[New World]', x=1015.40, y=63.04, z=228.49]
[12:53:22] [Server thread/WARN]: Failed to spawn player ender pearl in level (ResourceKey[minecraft:dimension / minecraft:overworld]), skipping
[12:53:22] [Server thread/WARN]: UUID of added entity already exists: class_1684['Thrown Ender Pearl'/486059, l='ServerLevel[New World]', x=995.23, y=62.99, z=250.60]
[12:53:22] [Server thread/WARN]: Failed to spawn player ender pearl in level (ResourceKey[minecraft:dimension / minecraft:overworld]), skipping
[12:53:35] [Server thread/WARN]: Can't keep up! Is the server overloaded? Running 2003ms or 40 ticks behind
[12:53:52] [Server thread/WARN]: Can't keep up! Is the server overloaded? Running 2505ms or 50 ticks behind
[12:54:31] [Server thread/WARN]: Can't keep up! Is the server overloaded? Running 2001ms or 40 ticks behind
[12:54:32] [Server thread/WARN]: Mismatch in destroy block pos: class_2338{x=755, y=75, z=-4420} class_2338{x=755, y=71, z=-4424}
[12:58:17] [Server thread/WARN]: Mismatch in destroy block pos: class_2338{x=751, y=75, z=-4425} class_2338{x=758, y=77, z=-4418}
[12:59:16] [Server thread/INFO]: whitehairguy lost connection: Disconnected
[12:59:16] [Server thread/INFO]: whitehairguy left the game
[12:59:24] [Server thread/INFO]: BrownNiggar lost connection: Disconnected
[12:59:24] [Server thread/INFO]: BrownNiggar left the game
